player_url,name,team,age,position,games_played,games_started,targets,receptions,catch_pct,rec_yards,yards_per_rec,rec_td,longest_rec,rec_yards_per_target,rec_per_game,rec_yards_per_game,fumbles,year
/players/L/LandJa00.htm2017,Jarvis Landry,MIA,25,WR,16,16,161,112,69.6,987,8.8,9,49,6.1,7.0,61.7,4,2017
/players/F/FitzLa00.htm2017,Larry Fitzgerald,ARI,34,WR,16,16,161,109,67.7,1156,10.6,6,37,7.2,6.8,72.3,1,2017
/players/T/ThomMi05.htm2017,Michael Thomas,NOR,24,WR,16,14,149,104,69.8,1245,12.0,5,43,8.4,6.5,77.8,0,2017
/players/A/AlleKe00.htm2017,Keenan Allen,LAC,25,WR,16,15,159,102,64.2,1393,13.7,6,51,8.8,6.4,87.1,1,2017
/players/B/BrowAn04.htm2017,Antonio Brown,PIT,29,WR,14,14,163,101,62.0,1533,15.2,9,57,9.4,7.2,109.5,4,2017
/players/H/HopkDe00.htm2017,DeAndre Hopkins,HOU,25,WR,15,15,174,96,55.2,1378,14.4,13,72,7.9,6.4,91.9,1,2017
/players/T/TateGo00.htm2017,Golden Tate,DET,29,WR,16,12,120,92,76.7,1003,10.9,5,71,8.4,5.8,62.7,1,2017
/players/T/ThieAd00.htm2017,Adam Thielen,MIN,27,WR,16,16,142,91,64.1,1276,14.0,4,65,9.0,5.7,79.8,3,2017
/players/J/JoneJu02.htm2017,Julio Jones,ATL,28,WR,16,16,148,88,59.5,1444,16.4,3,53,9.8,5.5,90.3,0,2017
/players/B/BellLe00.htm2017,Le'Veon Bell,PIT,25,RB,15,15,106,85,80.2,655,7.7,2,42,6.2,5.7,43.7,3,2017
/players/K/KelcTr00.htm2017,Travis Kelce,KAN,28,TE,15,15,122,83,68.0,1038,12.5,8,44,8.5,5.5,69.2,0,2017
/players/T/ThomDe03.htm2017,Demaryius Thomas,DEN,30,WR,16,16,140,83,59.3,949,11.4,5,40,6.8,5.2,59.3,1,2017
/players/K/KamaAl00.htm2017,Alvin Kamara,NOR,22,fb/rb,16,3,100,81,81.0,826,10.2,5,40,8.3,5.1,51.6,1,2017
/players/D/DoylJa00.htm2017,Jack Doyle,IND,27,TE,15,15,108,80,74.1,690,8.6,4,26,6.4,5.3,46.0,2,2017
/players/M/McCaCh01.htm2017,Christian McCaffrey,CAR,21,RB,16,10,113,80,70.8,651,8.1,5,37,5.8,5.0,40.7,2,2017
/players/B/BaldDo00.htm2017,Doug Baldwin,SEA,29,WR,16,16,116,75,64.7,991,13.2,8,54,8.5,4.7,61.9,0,2017
/players/G/GreeA.00.htm2017,A.J. Green,CIN,29,WR,16,16,143,75,52.4,1078,14.4,8,77,7.5,4.7,67.4,2,2017
/players/H/HillTy00.htm2017,Tyreek Hill,KAN,23,WR,15,13,105,75,71.4,1183,15.8,7,79,11.3,5.0,78.9,2,2017
/players/A/AdamDa01.htm2017,Davante Adams,GNB,25,WR,14,14,117,74,63.2,885,12.0,10,55,7.6,5.3,63.2,0,2017
/players/E/ErtzZa00.htm2017,Zach Ertz,PHI,27,TE,14,13,110,74,67.3,824,11.1,8,53,7.5,5.3,58.9,1,2017
/players/J/JohnDu00.htm2017,Duke Johnson,CLE,24,,16,0,93,74,79.6,693,9.4,3,41,7.5,4.6,43.3,4,2017
/players/W/WalkHu00.htm2017,Delanie Walker,TEN,33,TE,16,11,111,74,66.7,807,10.9,3,42,7.3,4.6,50.4,2,2017
/players/E/EvanMi00.htm2017,Mike Evans,TAM,24,WR,15,15,136,71,52.2,1001,14.1,5,42,7.4,4.7,66.7,1,2017
/players/B/BryaDe01.htm2017,Dez Bryant,DAL,29,WR,16,16,132,69,52.3,838,12.1,6,50,6.3,4.3,52.4,1,2017
/players/G/GronRo00.htm2017,Rob Gronkowski,NWE,28,TE,14,14,105,69,65.7,1084,15.7,8,53,10.3,4.9,77.4,1,2017
/players/S/SanuMo00.htm2017,Mohamed Sanu,ATL,28,WR,15,15,96,67,69.8,703,10.5,5,25,7.3,4.5,46.9,0,2017
/players/C/CobbRa00.htm2017,Randall Cobb,GNB,27,WR,15,14,92,66,71.7,653,9.9,4,46,7.1,4.4,43.5,1,2017
/players/C/CrowJa00.htm2017,Jamison Crowder,WAS,24,wr,15,6,103,66,64.1,789,12.0,3,41,7.7,4.4,52.6,6,2017
/players/C/CookBr00.htm2017,Brandin Cooks,NWE,24,WR,16,15,114,65,57.0,1082,16.6,7,64,9.5,4.1,67.6,0,2017
/players/K/KearJe01.htm2017,Jermaine Kearse,NYJ,27,WR,16,14,102,65,63.7,810,12.5,5,51,7.9,4.1,50.6,1,2017
/players/D/DiggSt00.htm2017,Stefon Diggs,MIN,24,WR,14,14,95,64,67.4,849,13.3,8,59,8.9,4.6,60.6,0,2017
/players/E/EngrEv00.htm2017,Evan Engram,NYG,23,TE,15,11,115,64,55.7,722,11.3,6,35,6.3,4.3,48.1,0,2017
/players/G/GurlTo01.htm2017,Todd Gurley,LAR,23,RB,15,15,87,64,73.6,788,12.3,6,80,9.1,4.3,52.5,5,2017
/players/A/AndeRo04.htm2017,Robby Anderson,NYJ,24,WR,16,15,114,63,55.3,941,14.9,7,69,8.3,3.9,58.8,0,2017
/players/F/FuncDe00.htm2017,Devin Funchess,CAR,23,WR,16,16,111,63,56.8,840,13.3,8,44,7.6,3.9,52.5,0,2017
/players/W/WittJa00.htm2017,Jason Witten,DAL,35,TE,16,16,87,63,72.4,560,8.9,5,28,6.4,3.9,35.0,1,2017
/players/A/AghoNe00.htm2017,Nelson Agholor,PHI,24,WR,16,10,95,62,65.3,768,12.4,8,72,8.1,3.9,48.0,0,2017
/players/K/KuppCo00.htm2017,Cooper Kupp,LAR,24,wr,15,6,94,62,66.0,869,14.0,5,64,9.2,4.1,57.9,1,2017
/players/A/AmenDa00.htm2017,Danny Amendola,NWE,32,WR,15,8,86,61,70.9,659,10.8,2,27,7.7,4.1,43.9,2,2017
/players/H/HumpAd00.htm2017,Adam Humphries,TAM,24,wr,16,3,83,61,73.5,631,10.3,1,43,7.6,3.8,39.4,1,2017
/players/J/JoneMa02.htm2017,Marvin Jones,DET,27,WR,16,16,107,61,57.0,1101,18.0,9,58,10.3,3.8,68.8,0,2017
/players/W/WatsBe00.htm2017,Ben Watson,BAL,37,TE,16,12,79,61,77.2,522,8.6,4,33,6.6,3.8,32.6,1,2017
/players/H/HydeCa00.htm2017,Carlos Hyde,SFO,27,RB,16,16,88,59,67.0,350,5.9,0,18,4.0,3.7,21.9,2,2017
/players/M/McCoLe01.htm2017,LeSean McCoy,BUF,29,RB,16,16,77,59,76.6,448,7.6,2,39,5.8,3.7,28.0,3,2017
/players/S/ShepSt00.htm2017,Sterling Shepard,NYG,24,WR,11,10,84,59,70.2,731,12.4,2,77,8.7,5.4,66.5,1,2017
/players/W/WrigKe01.htm2017,Kendall Wright,CHI,28,wr,16,4,91,59,64.8,614,10.4,1,22,6.7,3.7,38.4,0,2017
/players/C/CrabMi00.htm2017,Michael Crabtree,OAK,30,WR,14,14,101,58,57.4,618,10.7,8,41,6.1,4.1,44.1,1,2017
/players/G/GordMe00.htm2017,Melvin Gordon,LAC,24,RB,16,16,83,58,69.9,476,8.2,4,49,5.7,3.6,29.8,1,2017
/players/I/IngrMa01.htm2017,Mark Ingram,NOR,28,RB,16,13,71,58,81.7,416,7.2,0,54,5.9,3.6,26.0,3,2017
/players/S/SmitJu00.htm2017,JuJu Smith-Schuster,PIT,21,wr,14,7,79,58,73.4,917,15.8,7,97,11.6,4.1,65.5,0,2017
/players/S/StilKe00.htm2017,Kenny Stills,MIA,25,WR,16,16,105,58,55.2,847,14.6,6,61,8.1,3.6,52.9,4,2017
/players/G/GrahJi00.htm2017,Jimmy Graham,SEA,31,TE,16,13,96,57,59.4,520,9.1,10,33,5.4,3.6,32.5,0,2017
/players/H/HiltT.00.htm2017,T.Y. Hilton,IND,28,WR,16,16,109,57,52.3,966,16.9,4,80,8.9,3.6,60.4,2,2017
/players/J/JeffAl00.htm2017,Alshon Jeffery,PHI,27,WR,16,16,120,57,47.5,789,13.8,9,53,6.6,3.6,49.3,0,2017
/players/P/ParkDe01.htm2017,DeVante Parker,MIA,24,WR,13,12,96,57,59.4,670,11.8,1,36,7.0,4.4,51.5,1,2017
/players/R/RudoKy00.htm2017,Kyle Rudolph,MIN,28,TE,16,16,81,57,70.4,532,9.3,8,34,6.6,3.6,33.3,0,2017
/players/G/GoodMa00.htm2017,Marquise Goodwin,SFO,27,WR,16,16,105,56,53.3,962,17.2,2,83,9.2,3.5,60.1,0,2017
/players/L/LeexMa00.htm2017,Marqise Lee,JAX,26,WR,14,14,96,56,58.3,702,12.5,3,45,7.3,4.0,50.1,1,2017
/players/W/WhitJa02.htm2017,James White,NWE,25,rb,14,4,72,56,77.8,429,7.7,3,27,6.0,4.0,30.6,0,2017
/players/W/WoodRo02.htm2017,Robert Woods,LAR,25,WR,12,11,85,56,65.9,781,13.9,5,94,9.2,4.7,65.1,1,2017
/players/C/CookJa02.htm2017,Jared Cook,OAK,30,TE,16,16,86,54,62.8,688,12.7,2,35,8.0,3.4,43.0,1,2017
/players/D/DeckEr00.htm2017,Eric Decker,TEN,30,WR,16,8,83,54,65.1,563,10.4,1,29,6.8,3.4,35.2,0,2017
/players/C/CoheTa00.htm2017,Tarik Cohen,CHI,22,rb/wr,16,4,71,53,74.6,353,6.7,1,70,5.0,3.3,22.1,3,2017
/players/E/EbroEr00.htm2017,Eric Ebron,DET,24,TE,16,9,86,53,61.6,574,10.8,4,44,6.7,3.3,35.9,1,2017
/players/G/GinnTe00.htm2017,Ted Ginn,NOR,32,WR,15,10,70,53,75.7,787,14.8,4,54,11.2,3.5,52.5,2,2017
/players/H/HuntKa00.htm2017,Kareem Hunt,KAN,22,RB,16,16,63,53,84.1,455,8.6,3,78,7.2,3.3,28.4,1,2017
/players/M/MattRi00.htm2017,Rishard Matthews,TEN,28,WR,14,11,87,53,60.9,795,15.0,4,75,9.1,3.8,56.8,0,2017
/players/N/NelsJo00.htm2017,Jordy Nelson,GNB,32,WR,15,15,88,53,60.2,482,9.1,6,58,5.5,3.5,32.1,0,2017
/players/R/RiddTh00.htm2017,Theo Riddick,DET,26,rb,16,5,71,53,74.6,444,8.4,2,63,6.3,3.3,27.8,1,2017
/players/W/WillTe01.htm2017,Terrance Williams,DAL,28,WR,16,14,78,53,67.9,568,10.7,0,56,7.3,3.3,35.5,0,2017
/players/L/LaFeBr00.htm2017,Brandon LaFell,CIN,31,WR,16,15,89,52,58.4,548,10.5,3,45,6.2,3.3,34.3,1,2017
/players/W/WallMi00.htm2017,Mike Wallace,BAL,31,WR,15,14,92,52,56.5,748,14.4,4,66,8.1,3.5,49.9,0,2017
/players/M/McKiJe00.htm2017,Jerick McKinnon,MIN,25,rb,16,1,68,51,75.0,421,8.3,2,41,6.2,3.2,26.3,3,2017
/players/B/BryaMa00.htm2017,Martavis Bryant,PIT,26,WR,15,8,84,50,59.5,603,12.1,3,51,7.2,3.3,40.2,0,2017
/players/J/JackDe00.htm2017,DeSean Jackson,TAM,31,WR,14,13,90,50,55.6,668,13.4,3,41,7.4,3.6,47.7,0,2017
/players/S/SefeAu00.htm2017,Austin Seferian-Jenkins,NYJ,25,TE,13,10,74,50,67.6,357,7.1,3,28,4.8,3.8,27.5,1,2017
/players/C/ClayCh00.htm2017,Charles Clay,BUF,28,TE,13,13,74,49,66.2,558,11.4,2,44,7.5,3.8,42.9,1,2017
/players/H/HoopAu00.htm2017,Austin Hooper,ATL,23,TE,16,8,65,49,75.4,526,10.7,3,88,8.1,3.1,32.9,0,2017
/players/B/BenjKe00.htm2017,Kelvin Benjamin,2TM,26,,14,14,78,48,61.5,692,14.4,3,43,8.9,3.4,49.4,0,2017
/players/B/BratCa00.htm2017,Cameron Brate,TAM,26,te,16,6,77,48,62.3,591,12.3,6,35,7.7,3.0,36.9,1,2017
/players/C/CoopAm00.htm2017,Amari Cooper,OAK,23,WR,14,12,96,48,50.0,680,14.2,7,87,7.1,3.4,48.6,1,2017
/players/S/SandEm00.htm2017,Emmanuel Sanders,DEN,30,WR,12,11,92,47,51.1,555,11.8,2,38,6.0,3.9,46.3,0,2017
/players/A/AlleJa01.htm2017,Javorius Allen,BAL,26,,16,0,60,46,76.7,250,5.4,2,20,4.2,2.9,15.6,0,2017
/players/G/GranRy01.htm2017,Ryan Grant,WAS,27,wr,16,7,65,45,69.2,573,12.7,4,40,8.8,2.8,35.8,0,2017
/players/H/HenrHu00.htm2017,Hunter Henry,LAC,23,fb/tb/TE,14,13,62,45,72.6,579,12.9,4,34,9.3,3.2,41.4,0,2017
/players/L/LockTy00.htm2017,Tyler Lockett,SEA,25,WR,16,8,71,45,63.4,555,12.3,2,74,7.8,2.8,34.7,0,2017
/players/R/RichPa01.htm2017,Paul Richardson,SEA,25,WR,16,13,80,44,55.0,703,16.0,6,61,8.8,2.8,43.9,0,2017
/players/V/VereSh00.htm2017,Shane Vereen,NYG,28,,16,0,53,44,83.0,253,5.8,0,20,4.8,2.8,15.8,0,2017
/players/B/BernGi00.htm2017,Giovani Bernard,CIN,26,rb,16,2,60,43,71.7,389,9.0,2,61,6.5,2.7,24.3,0,2017
/players/D/DaviVe00.htm2017,Vernon Davis,WAS,33,TE/wr,16,16,69,43,62.3,648,15.1,3,69,9.4,2.7,40.5,2,2017
/players/J/JameJe00.htm2017,Jesse James,PIT,23,TE,16,14,63,43,68.3,372,8.7,3,32,5.9,2.7,23.3,0,2017
/players/K/KittGe00.htm2017,George Kittle,SFO,24,te,15,7,63,43,68.3,515,12.0,2,44,8.2,2.9,34.3,0,2017
/players/R/RobeSe00.htm2017,Seth Roberts,OAK,26,wr,15,7,65,43,66.2,455,10.6,1,29,7.0,2.9,30.3,2,2017
/players/T/TaylTr02.htm2017,Trent Taylor,SFO,23,wr,15,1,60,43,71.7,430,10.0,2,33,7.2,2.9,28.7,1,2017
/players/W/WillTy00.htm2017,Tyrell Williams,LAC,25,WR,16,15,69,43,62.3,728,16.9,4,75,10.6,2.7,45.5,1,2017
/players/C/ColeKe00.htm2017,Keelan Cole,JAX,24,wr,16,6,83,42,50.6,748,17.8,3,75,9.0,2.6,46.8,2,2017
/players/K/KrofTy00.htm2017,Tyler Kroft,CIN,25,TE,16,16,62,42,67.7,404,9.6,7,59,6.5,2.6,25.3,0,2017
/players/W/WilsAl02.htm2017,Albert Wilson,KAN,25,wr,13,7,62,42,67.7,554,13.2,3,63,8.9,3.2,42.6,0,2017
/players/T/ThomJu00.htm2017,Julius Thomas,MIA,29,TE,14,13,62,41,66.1,388,9.5,3,27,6.3,2.9,27.7,1,2017
/players/G/GarcPi00.htm2017,Pierre Garcon,SFO,31,WR,8,8,67,40,59.7,500,12.5,0,59,7.5,5.0,62.5,0,2017
/players/M/MaclJe00.htm2017,Jeremy Maclin,BAL,29,WR,12,12,72,40,55.6,440,11.0,3,48,6.1,3.3,36.7,0,2017
/players/E/ElliAn00.htm2017,Andre Ellington,2TM,28,,12,2,59,39,66.1,369,9.5,0,29,6.3,3.3,30.8,0,2017
/players/H/HurnAl01.htm2017,Allen Hurns,JAX,26,WR,10,8,56,39,69.6,484,12.4,2,50,8.6,3.9,48.4,0,2017
/players/M/MurrDe00.htm2017,DeMarco Murray,TEN,29,RB,15,15,47,39,83.0,266,6.8,1,18,5.7,2.6,17.7,1,2017
/players/T/ThomCh03.htm2017,Chris Thompson,WAS,27,rb,10,1,54,39,72.2,510,13.1,4,74,9.4,3.9,51.0,3,2017
/players/W/WatkSa00.htm2017,Sammy Watkins,LAR,24,WR,15,14,70,39,55.7,593,15.2,8,67,8.5,2.6,39.5,0,2017
/players/T/ThomDe04.htm2017,Deonte Thompson,2TM,28,,16,10,69,38,55.1,555,14.6,2,46,8.0,2.4,34.7,1,2017
/players/F/FortMa00.htm2017,Matt Forte,NYJ,32,rb,12,4,45,37,82.2,293,7.9,1,34,6.5,3.1,24.4,1,2017
/players/B/BeasCo00.htm2017,Cole Beasley,DAL,28,wr,15,4,63,36,57.1,314,8.7,4,54,5.0,2.4,20.9,0,2017
/players/F/FourLe00.htm2017,Leonard Fournette,JAX,22,RB,13,13,48,36,75.0,302,8.4,1,28,6.3,2.8,23.2,2,2017
/players/F/FreeDe00.htm2017,Devonta Freeman,ATL,25,RB,14,14,47,36,76.6,317,8.8,1,29,6.7,2.6,22.6,4,2017
/players/L/LewiRo03.htm2017,Roger Lewis,NYG,24,WR,15,8,72,36,50.0,416,11.6,2,34,5.8,2.4,27.7,0,2017
/players/M/MillLa01.htm2017,Lamar Miller,HOU,26,RB,16,13,45,36,80.0,327,9.1,3,32,7.3,2.3,20.4,1,2017
/players/S/SmitTo02.htm2017,Torrey Smith,PHI,28,WR,16,14,67,36,53.7,430,11.9,2,59,6.4,2.3,26.9,0,2017
/players/D/DoctJo00.htm2017,Josh Doctson,WAS,25,WR,16,14,78,35,44.9,502,14.3,6,52,6.4,2.2,31.4,0,2017
/players/S/SimsCh00.htm2017,Charles Sims,TAM,27,,16,0,47,35,74.5,249,7.1,1,25,5.3,2.2,15.6,1,2017
/players/B/BenjTr00.htm2017,Travis Benjamin,LAC,28,wr,16,3,62,34,54.8,567,16.7,4,62,9.1,2.1,35.4,2,2017
/players/D/DaviCo03.htm2017,Corey Davis,TEN,22,WR,11,9,65,34,52.3,375,11.0,0,37,5.8,3.1,34.1,1,2017
/players/G/GallWa00.htm2017,Wayne Gallman,NYG,23,rb,13,1,48,34,70.8,193,5.7,1,11,4.0,2.6,14.8,3,2017
/players/G/GodwCh00.htm2017,Chris Godwin,TAM,21,wr,16,2,55,34,61.8,525,15.4,1,70,9.5,2.1,32.8,0,2017
/players/H/HogaCh00.htm2017,Chris Hogan,NWE,29,wr,9,7,59,34,57.6,439,12.9,5,47,7.4,3.8,48.8,0,2017
/players/M/McKiJ.00.htm2017,J.D. McKissic,SEA,24,rb,13,1,46,34,73.9,266,7.8,2,27,5.8,2.6,20.5,0,2017
/players/W/WashDe00.htm2017,DeAndre Washington,OAK,24,,15,0,45,34,75.6,197,5.8,1,15,4.4,2.3,13.1,2,2017
/players/D/DevaSe00.htm2017,Seth Devalve,CLE,24,te,16,4,58,33,56.9,395,12.0,1,49,6.8,2.1,24.7,1,2017
/players/G/GabrTa00.htm2017,Taylor Gabriel,ATL,26,wr,16,4,51,33,64.7,378,11.5,1,40,7.4,2.1,23.6,0,2017
/players/G/GresJe00.htm2017,Jermaine Gresham,ARI,29,TE,14,14,46,33,71.7,322,9.8,2,21,7.0,2.4,23.0,0,2017
/players/J/JuszKy00.htm2017,Kyle Juszczyk,SFO,26,FB,14,10,42,33,78.6,315,9.5,1,44,7.5,2.4,22.5,2,2017
/players/W/WoodDa02.htm2017,Danny Woodhead,BAL,32,,8,0,39,33,84.6,200,6.1,0,22,5.1,4.1,25.0,0,2017
/players/D/DrakKe00.htm2017,Kenyan Drake,MIA,23,rb,16,6,48,32,66.7,239,7.5,1,47,5.0,2.0,14.9,2,2017
/players/L/LewiDi00.htm2017,Dion Lewis,NWE,27,RB,16,8,35,32,91.4,214,6.7,3,20,6.1,2.0,13.4,0,2017
/players/N/NjokDa00.htm2017,David Njoku,CLE,21,te,16,5,60,32,53.3,386,12.1,4,34,6.4,2.0,24.1,0,2017
/players/B/BrowJa03.htm2017,Jaron Brown,ARI,27,WR,16,8,69,31,44.9,477,15.4,4,52,6.9,1.9,29.8,0,2017
/players/P/PattCo00.htm2017,Cordarrelle Patterson,OAK,26,wr,16,2,42,31,73.8,309,10.0,0,59,7.4,1.9,19.3,3,2017
/players/B/BennMa00.htm2017,Martellus Bennett,2TM,30,,9,7,44,30,68.2,286,9.5,0,33,6.5,3.3,31.8,0,2017
/players/B/BookDe00.htm2017,Devontae Booker,DEN,25,,13,0,38,30,78.9,275,9.2,0,29,7.2,2.3,21.2,2,2017
/players/B/BurkRe00.htm2017,Rex Burkhead,NWE,27,rb,10,3,36,30,83.3,254,8.5,3,23,7.1,3.0,25.4,1,2017
/players/D/DickEd00.htm2017,Ed Dickson,CAR,30,TE,16,12,48,30,62.5,437,14.6,1,64,9.1,1.9,27.3,0,2017
/players/G/GateAn00.htm2017,Antonio Gates,LAC,37,te,16,4,52,30,57.7,316,10.5,3,27,6.1,1.9,19.8,0,2017
/players/J/JoneT.00.htm2017,T.J. Jones,DET,25,wr,14,6,49,30,61.2,399,13.3,1,34,8.1,2.1,28.5,1,2017
/players/M/MixoJo00.htm2017,Joe Mixon,CIN,21,rb,14,7,34,30,88.2,287,9.6,0,67,8.4,2.1,20.5,3,2017
/players/Y/YeldT.00.htm2017,T.J. Yeldon,JAX,24,,10,0,41,30,73.2,224,7.5,0,20,5.5,3.0,22.4,2,2017
/players/E/ElliBr00.htm2017,Bruce Ellington,HOU,26,wr,11,6,57,29,50.9,330,11.4,2,35,5.8,2.6,30.0,1,2017
/players/F/FowlBe00.htm2017,Bennie Fowler,DEN,26,wr,16,4,56,29,51.8,350,12.1,3,29,6.3,1.8,21.9,1,2017
/players/G/GoreFr00.htm2017,Frank Gore,IND,34,RB,16,16,38,29,76.3,245,8.4,1,26,6.4,1.8,15.3,3,2017
/players/N/NelsJJ00.htm2017,JJ Nelson,ARI,25,wr,16,5,61,29,47.5,508,17.5,2,46,8.3,1.8,31.8,1,2017
/players/A/AndeC.00.htm2017,C.J. Anderson,DEN,26,RB,16,16,40,28,70.0,224,8.0,1,25,5.6,1.8,14.0,1,2017
/players/B/BoylNi00.htm2017,Nick Boyle,BAL,24,TE,15,11,37,28,75.7,203,7.3,0,16,5.5,1.9,13.5,0,2017
/players/C/CrowIs00.htm2017,Isaiah Crowell,CLE,24,RB,16,16,42,28,66.7,182,6.5,0,38,4.3,1.8,11.4,1,2017
/players/F/FullWi01.htm2017,Will Fuller,HOU,23,WR,10,10,50,28,56.0,423,15.1,7,59,8.5,2.8,42.3,0,2017
/players/G/GollKe00.htm2017,Kenny Golladay,DET,24,k/wr,11,5,48,28,58.3,477,17.0,3,54,9.9,2.5,43.4,0,2017
/players/C/ColeTe01.htm2017,Tevin Coleman,ATL,24,fb/rb,15,3,39,27,69.2,299,11.1,3,39,7.7,1.8,19.9,1,2017
/players/E/EkelAu00.htm2017,Austin Ekeler,LAC,22,,16,0,35,27,77.1,279,10.3,3,38,8.0,1.7,17.4,2,2017
/players/H/HiggRa00.htm2017,Rashard Higgins,CLE,23,fb/wr,15,4,50,27,54.0,312,11.6,2,56,6.2,1.8,20.8,1,2017
/players/J/JoneZa00.htm2017,Zay Jones,BUF,22,WR,15,10,74,27,36.5,316,11.7,2,33,4.3,1.8,21.1,0,2017
/players/L/LouiRi00.htm2017,Ricardo Louis,CLE,23,WR,16,9,61,27,44.3,357,13.2,0,37,5.9,1.7,22.3,0,2017
/players/R/ReedJo02.htm2017,Jordan Reed,WAS,27,te,6,5,35,27,77.1,211,7.8,2,20,6.0,4.5,35.2,1,2017
/players/R/RichJa01.htm2017,Jalen Richard,OAK,24,rb,16,1,36,27,75.0,256,9.5,1,39,7.1,1.7,16.0,8,2017
/players/W/WestCh01.htm2017,Charcandrick West,KAN,26,,13,0,34,27,79.4,150,5.6,2,25,4.4,2.1,11.5,1,2017
/players/W/WestDe00.htm2017,Dede Westbrook,JAX,24,wr,7,5,51,27,52.9,339,12.6,1,29,6.6,3.9,48.4,1,2017
/players/E/ElliEz00.htm2017,Ezekiel Elliott,DAL,22,RB,10,10,38,26,68.4,269,10.3,2,72,7.1,2.6,26.9,1,2017
/players/H/HowaO.00.htm2017,O.J. Howard,TAM,23,TE,14,14,39,26,66.7,432,16.6,6,58,11.1,1.9,30.9,3,2017
/players/M/MoncDo00.htm2017,Donte Moncrief,IND,24,WR,12,8,47,26,55.3,391,15.0,2,60,8.3,2.2,32.6,0,2017
/players/A/AbduAm00.htm2017,Ameer Abdullah,DET,24,RB,14,11,35,25,71.4,162,6.5,1,22,4.6,1.8,11.6,2,2017
/players/A/AndeSt01.htm2017,Stephen Anderson,HOU,24,te,15,5,52,25,48.1,342,13.7,1,42,6.6,1.7,22.8,0,2017
/players/B/BeckOd00.htm2017,Odell Beckham,NYG,25,wr,4,2,41,25,61.0,302,12.1,3,48,7.4,6.3,75.5,0,2017
/players/H/HigbTy00.htm2017,Tyler Higbee,LAR,24,TE,16,16,45,25,55.6,295,11.8,1,38,6.6,1.6,18.4,0,2017
/players/I/InmaDo00.htm2017,Dontrelle Inman,2TM,28,,12,7,44,25,56.8,343,13.7,1,26,7.8,2.1,28.6,0,2017
/players/M/MattJo00.htm2017,Jordan Matthews,BUF,25,wr,10,7,36,25,69.4,282,11.3,1,47,7.8,2.5,28.2,1,2017
/players/W/WillJa06.htm2017,Jamaal Williams,GNB,22,rb,16,7,34,25,73.5,262,10.5,2,54,7.7,1.6,16.4,0,2017
/players/A/AjayJa00.htm2017,Jay Ajayi,2TM,24,,14,8,34,24,70.6,158,6.6,1,32,4.6,1.7,11.3,3,2017
/players/B/BellJo02.htm2017,Josh Bellamy,CHI,28,wr,15,7,46,24,52.2,376,15.7,1,46,8.2,1.6,25.1,0,2017
/players/E/ElliRh00.htm2017,Rhett Ellison,NYG,29,TE,16,14,32,24,75.0,235,9.8,2,27,7.3,1.5,14.7,0,2017
/players/L/LewiMa00.htm2017,Marcedes Lewis,JAX,33,TE,16,16,48,24,50.0,318,13.3,5,37,6.6,1.5,19.9,0,2017
/players/A/AlliGe01.htm2017,Geronimo Allison,GNB,23,wr,15,2,39,23,59.0,253,11.0,0,72,6.5,1.5,16.9,2,2017
/players/B/BurtTr01.htm2017,Trey Burton,PHI,26,te,15,1,31,23,74.2,248,10.8,5,27,8.0,1.5,16.5,0,2017
/players/C/CharJa00.htm2017,Jamaal Charles,DEN,31,,14,0,28,23,82.1,129,5.6,0,20,4.6,1.6,9.2,2,2017
/players/C/ColeBr00.htm2017,Brandon Coleman,NOR,25,wr,16,6,37,23,62.2,364,15.8,3,54,9.8,1.4,22.8,2,2017
/players/C/ColeCo00.htm2017,Corey Coleman,CLE,23,WR,9,8,58,23,39.7,305,13.3,2,44,5.3,2.6,33.9,0,2017
/players/C/CollAl00.htm2017,Alex Collins,BAL,23,RB,15,12,36,23,63.9,187,8.1,0,37,5.2,1.5,12.5,4,2017
/players/H/HowaJo00.htm2017,Jordan Howard,CHI,23,RB,16,16,32,23,71.9,125,5.4,0,12,3.9,1.4,7.8,1,2017
/players/M/MontTy01.htm2017,Ty Montgomery,GNB,24,rb,8,5,31,23,74.2,173,7.5,1,23,5.6,2.9,21.6,0,2017
/players/P/PoweBi00.htm2017,Bilal Powell,NYJ,29,RB,15,10,33,23,69.7,170,7.4,0,31,5.2,1.5,11.3,1,2017
/players/R/RogeCh02.htm2017,Chester Rogers,IND,23,wr,11,4,37,23,62.2,284,12.3,1,61,7.7,2.1,25.8,0,2017
/players/B/BoydTy00.htm2017,Tyler Boyd,CIN,23,wr,10,1,32,22,68.8,225,10.2,2,49,7.0,2.2,22.5,0,2017
/players/F/FleeCo00.htm2017,Coby Fleener,NOR,29,,11,0,30,22,73.3,295,13.4,2,33,9.8,2.0,26.8,0,2017
/players/K/KerlJe00.htm2017,Jeremy Kerley,NYJ,29,wr,8,2,27,22,81.5,217,9.9,1,31,8.0,2.8,27.1,3,2017
/players/O/OLeaNi00.htm2017,Nick O'Leary,BUF,25,te,15,5,32,22,68.8,322,14.6,2,32,10.1,1.5,21.5,1,2017
/players/P/PeriSa00.htm2017,Samaje Perine,WAS,22,RB,16,8,24,22,91.7,182,8.3,1,25,7.6,1.4,11.4,2,2017
/players/B/BreiMa00.htm2017,Matt Breida,SFO,22,,16,0,36,21,58.3,180,8.6,1,32,5.0,1.3,11.3,1,2017
/players/B/BrowJo02.htm2017,John Brown,ARI,27,wr,10,5,55,21,38.2,299,14.2,3,52,5.4,2.1,29.9,0,2017
/players/C/CeleGa00.htm2017,Garrett Celek,SFO,29,fb/TE,16,13,33,21,63.6,336,16.0,4,61,10.2,1.3,21.0,0,2017
/players/D/DerbA.00.htm2017,A.J. Derby,2TM,26,,11,1,40,21,52.5,244,11.6,2,29,6.1,1.9,22.2,1,2017
/players/I/IvorCh00.htm2017,Chris Ivory,JAX,29,rb,14,3,28,21,75.0,175,8.3,1,29,6.3,1.5,12.5,2,2017
/players/M/MackMa00.htm2017,Marlon Mack,IND,21,,14,0,33,21,63.6,225,10.7,1,34,6.8,1.5,16.1,1,2017
/players/R/RobiDe01.htm2017,Demarcus Robinson,KAN,23,WR,16,8,39,21,53.8,212,10.1,0,33,5.4,1.3,13.3,0,2017
/players/B/BritKe00.htm2017,Kenny Britt,2TM,29,,12,4,43,20,46.5,256,12.8,2,38,6.0,1.7,21.3,0,2017
/players/C/CunnBe01.htm2017,Benny Cunningham,CHI,27,,14,0,26,20,76.9,240,12.0,2,40,9.2,1.4,17.1,1,2017
/players/H/HardJu00.htm2017,Justin Hardy,ATL,26,wr,16,1,29,20,69.0,221,11.1,3,27,7.6,1.3,13.8,1,2017
/players/L/LyncMa00.htm2017,Marshawn Lynch,OAK,31,RB,15,15,31,20,64.5,151,7.6,0,26,4.9,1.3,10.1,1,2017
/players/M/MillZa02.htm2017,Zach Miller,CHI,33,te,8,6,35,20,57.1,236,11.8,2,29,6.7,2.5,29.5,0,2017
/players/P/PryoTe00.htm2017,Terrelle Pryor,WAS,28,wr,9,2,37,20,54.1,240,12.0,1,44,6.5,2.2,26.7,0,2017
/players/T/TreaLa00.htm2017,Laquon Treadwell,MIN,22,wr,16,7,35,20,57.1,200,10.0,0,25,5.7,1.3,12.5,1,2017
/players/W/WillDa05.htm2017,Damien Williams,MIA,25,rb,11,4,28,20,71.4,155,7.8,1,24,5.5,1.8,14.1,0,2017
/players/C/CampMi02.htm2017,Michael Campanaro,BAL,26,,13,0,27,19,70.4,173,9.1,1,18,6.4,1.5,13.3,4,2017
/players/D/DarkOr00.htm2017,Orleans Darkwa,NYG,25,RB,15,11,28,19,67.9,116,6.1,0,13,4.1,1.3,7.7,1,2017
/players/L/LatiCo00.htm2017,Cody Latimer,DEN,25,wr,11,1,31,19,61.3,287,15.1,2,32,9.3,1.7,26.1,1,2017
/players/M/MillBr03.htm2017,Braxton Miller,HOU,25,wr,11,3,29,19,65.5,162,8.5,1,57,5.6,1.7,14.7,0,2017
/players/R/RobiAl00.htm2017,Aldrick Robinson,SFO,29,wr,16,1,48,19,39.6,260,13.7,2,45,5.4,1.2,16.3,0,2017
/players/S/SmitRo06.htm2017,Rod Smith,DAL,25,rb,15,1,23,19,82.6,202,10.6,1,81,8.8,1.3,13.5,0,2017
/players/G/GordJo02.htm2017,Josh Gordon,CLE,26,wr,5,5,42,18,42.9,335,18.6,1,54,8.0,3.6,67.0,0,2017
/players/H/HarrDe03.htm2017,Demetrius Harris,KAN,26,te,16,7,35,18,51.4,224,12.4,1,51,6.4,1.1,14.0,0,2017
/players/K/KendLa00.htm2017,Lance Kendricks,GNB,29,TE,16,9,35,18,51.4,203,11.3,1,51,5.8,1.1,12.7,0,2017
/players/K/KingTa00.htm2017,Tavarres King,NYG,27,wr,8,3,37,18,48.6,240,13.3,3,57,6.5,2.3,30.0,0,2017
/players/M/MarsBr00.htm2017,Brandon Marshall,NYG,33,wr,5,5,33,18,54.5,154,8.6,0,18,4.7,3.6,30.8,0,2017
/players/M/MoorCh00.htm2017,Chris Moore,BAL,24,wr,13,4,38,18,47.4,248,13.8,3,30,6.5,1.4,19.1,0,2017
/players/R/RogeEl00.htm2017,Eli Rogers,PIT,25,wr,14,4,36,18,50.0,149,8.3,1,18,4.1,1.3,10.6,1,2017
/players/S/SmitJo01.htm2017,Jonnu Smith,TEN,22,TE/wr,16,13,30,18,60.0,157,8.7,2,32,5.2,1.1,9.8,0,2017
/players/W/WrigJa02.htm2017,Jarius Wright,MIN,28,,16,0,25,18,72.0,198,11.0,2,30,7.9,1.1,12.4,0,2017
/players/F/FellDa01.htm2017,Darren Fells,DET,31,TE,16,13,26,17,65.4,177,10.4,3,23,6.8,1.1,11.1,0,2017
/players/F/FostD.01.htm2017,D.J. Foster,ARI,24,,7,0,28,17,60.7,133,7.8,0,20,4.8,2.4,19.0,0,2017
/players/M/McGuEl00.htm2017,Elijah McGuire,NYJ,23,rb,16,2,26,17,65.4,177,10.4,1,38,6.8,1.1,11.1,2,2017
/players/O/OlseGr00.htm2017,Greg Olsen,CAR,32,te,7,7,38,17,44.7,191,11.2,1,30,5.0,2.4,27.3,0,2017
/players/S/ShepRu00.htm2017,Russell Shepard,CAR,27,wr,15,3,32,17,53.1,202,11.9,1,40,6.3,1.1,13.5,1,2017
/players/B/BarbPe01.htm2017,Peyton Barber,TAM,23,rb,16,4,19,16,84.2,114,7.1,0,34,6.0,1.0,7.1,2,2017
/players/B/BourKe00.htm2017,Kendrick Bourne,SFO,22,,11,0,34,16,47.1,257,16.1,0,54,7.6,1.5,23.4,0,2017
/players/C/CadeTr00.htm2017,Travaris Cadet,2TM,28,,9,0,19,16,84.2,119,7.4,0,16,6.3,1.8,13.2,0,2017
/players/E/EverGe00.htm2017,Gerald Everett,LAR,23,te,16,2,32,16,50.0,244,15.3,2,69,7.6,1.0,15.3,1,2017
/players/H/HillJo02.htm2017,Josh Hill,NOR,27,TE,16,11,22,16,72.7,125,7.8,1,22,5.7,1.0,7.8,2,2017
/players/H/HollMa00.htm2017,Mack Hollins,PHI,24,,16,0,22,16,72.7,226,14.1,1,64,10.3,1.0,14.1,0,2017
/players/T/TaylTa00.htm2017,Taywan Taylor,TEN,22,wr,16,4,28,16,57.1,231,14.4,1,53,8.3,1.0,14.4,0,2017
/players/A/AikeKa00.htm2017,Kamar Aiken,IND,28,wr,15,7,44,15,34.1,133,8.9,0,21,3.0,1.0,8.9,0,2017
/players/B/ButlBr00.htm2017,Brice Butler,DAL,27,,13,0,23,15,65.2,317,21.1,3,53,13.8,1.2,24.4,0,2017
/players/D/DaviMi01.htm2017,Mike Davis,SEA,24,rb,6,6,18,15,83.3,131,8.7,0,23,7.3,2.5,21.8,0,2017
/players/M/MurrLa00.htm2017,Latavius Murray,MIN,27,RB,16,11,17,15,88.2,103,6.9,0,28,6.1,0.9,6.4,1,2017
/players/S/SamuCu00.htm2017,Curtis Samuel,CAR,21,rb/wr,9,4,26,15,57.7,115,7.7,0,23,4.4,1.7,12.8,0,2017
/players/S/SimsDi00.htm2017,Dion Sims,CHI,26,TE,14,14,29,15,51.7,180,12.0,1,27,6.2,1.1,12.9,0,2017
/players/W/WillMa04.htm2017,Maxx Williams,BAL,23,te/wr,11,8,18,15,83.3,86,5.7,1,17,4.8,1.4,7.8,1,2017
/players/W/WillLu00.htm2017,Luke Willson,SEA,27,te,16,7,22,15,68.2,153,10.2,4,27,7.0,0.9,9.6,0,2017
/players/B/BibbKa00.htm2017,Kapri Bibbs,WAS,24,,3,0,17,14,82.4,128,9.1,1,36,7.5,4.7,42.7,0,2017
/players/F/FiedC.00.htm2017,C.J. Fiedorowicz,HOU,26,te,5,5,22,14,63.6,127,9.1,0,15,5.8,2.8,25.4,0,2017
/players/G/GreeVi00.htm2017,Virgil Green,DEN,29,TE,16,16,22,14,63.6,191,13.6,1,44,8.7,0.9,11.9,0,2017
/players/M/McDoVa00.htm2017,Vance McDonald,PIT,27,te,10,7,24,14,58.3,188,13.4,1,28,7.8,1.4,18.8,0,2017
/players/O/O'ShJa00.htm2017,James O'Shaughnessy,JAX,25,te,16,1,24,14,58.3,149,10.6,1,29,6.2,0.9,9.3,0,2017
/players/T/ThomDe05.htm2017,De'Anthony Thomas,KAN,24,wr,16,2,16,14,87.5,143,10.2,2,57,8.9,0.9,8.9,1,2017
/players/T/TolbMi00.htm2017,Mike Tolbert,BUF,32,,12,0,17,14,82.4,78,5.6,0,12,4.6,1.2,6.5,2,2017
/players/A/AustTa00.htm2017,Tavon Austin,LAR,27,WR,16,9,22,13,59.1,47,3.6,0,13,2.1,0.8,2.9,5,2017
/players/B/BrowDa04.htm2017,Daniel Brown,CHI,25,te,14,2,20,13,65.0,129,9.9,0,17,6.5,0.9,9.2,0,2017
/players/C/CeleBr00.htm2017,Brent Celek,PHI,32,TE,16,10,24,13,54.2,130,10.0,1,28,5.4,0.8,8.1,0,2017
/players/G/GranJa00.htm2017,Jakeem Grant,MIA,25,,16,0,22,13,59.1,203,15.6,2,65,9.2,0.8,12.7,2,2017
/players/G/GrifRy00.htm2017,Ryan Griffin,HOU,27,te,7,6,26,13,50.0,158,12.2,1,35,6.1,1.9,22.6,0,2017
/players/H/HolmAn00.htm2017,Andre Holmes,BUF,29,wr,14,2,22,13,59.1,120,9.2,3,36,5.5,0.9,8.6,0,2017
/players/P/PaulNi00.htm2017,Niles Paul,WAS,28,te/wr,14,8,19,13,68.4,94,7.2,0,32,4.9,0.9,6.7,0,2017
/players/S/SmalWe00.htm2017,Wendell Smallwood,PHI,23,rb,8,3,18,13,72.2,103,7.9,0,24,5.7,1.6,12.9,0,2017
/players/T/TaylJo01.htm2017,Jordan Taylor,DEN,25,wr,10,2,20,13,65.0,142,10.9,0,30,7.1,1.3,14.2,1,2017
/players/W/WillBr04.htm2017,Brandon Williams,IND,30,TE/wr,14,10,17,13,76.5,121,9.3,0,32,7.1,0.9,8.6,0,2017
/players/D/DorsPh00.htm2017,Phillip Dorsett,NWE,24,wr,15,2,18,12,66.7,194,16.2,0,39,10.8,0.8,12.9,0,2017
/players/E/EricAl01.htm2017,Alex Erickson,CIN,25,,16,0,16,12,75.0,180,15.0,1,37,11.3,0.8,11.3,6,2017
/players/F/FasaAn00.htm2017,Anthony Fasano,MIA,33,te,16,6,16,12,75.0,107,8.9,1,29,6.7,0.8,6.7,1,2017
/players/R/RodgRi00.htm2017,Richard Rodgers,GNB,25,te,15,1,19,12,63.2,160,13.3,1,36,8.4,0.8,10.7,0,2017
/players/S/SealRi00.htm2017,Ricky Seals-Jones,ARI,22,te,10,1,28,12,42.9,201,16.8,3,29,7.2,1.2,20.1,0,2017
/players/S/ShahAd00.htm2017,Adam Shaheen,CHI,23,te,13,7,14,12,85.7,127,10.6,3,31,9.1,0.9,9.8,0,2017
/players/T/ToilLe00.htm2017,Levine Toilolo,ATL,26,TE,15,12,14,12,85.7,122,10.2,1,25,8.7,0.8,8.1,0,2017
/players/V/VannNi00.htm2017,Nick Vannett,SEA,24,te,15,4,15,12,80.0,124,10.3,1,21,8.3,0.8,8.3,0,2017
/players/C/ConlCh00.htm2017,Chris Conley,KAN,25,wr,5,5,16,11,68.8,175,15.9,0,35,10.9,2.2,35.0,0,2017
/players/C/CookDa01.htm2017,Dalvin Cook,MIN,22,rb,4,4,16,11,68.8,90,8.2,0,36,5.6,2.8,22.5,1,2017
/players/C/CoopPh00.htm2017,Pharoh Cooper,LAR,22,wr,16,1,19,11,57.9,84,7.6,0,26,4.4,0.7,5.3,3,2017
/players/H/HenrDe00.htm2017,Derrick Henry,TEN,23,rb,16,2,17,11,64.7,136,12.4,1,66,8.0,0.7,8.5,1,2017
/players/N/NiklTr00.htm2017,Troy Niklas,ARI,25,TE/wr,15,11,23,11,47.8,132,12.0,1,21,5.7,0.7,8.8,0,2017
/players/P/PeteAd01.htm2017,Adrian Peterson,2TM,32,,10,7,19,11,57.9,70,6.4,0,13,3.7,1.1,7.0,3,2017
/players/R/ReynJo00.htm2017,Josh Reynolds,LAR,22,wr,16,1,24,11,45.8,104,9.5,1,28,4.3,0.7,6.5,0,2017
/players/W/WillMi07.htm2017,Mike Williams,LAC,23,wr,10,1,23,11,47.8,95,8.6,0,20,4.1,1.1,9.5,0,2017
/players/A/AlleDw00.htm2017,Dwayne Allen,NWE,27,p/TE,16,8,22,10,45.5,86,8.6,1,22,3.9,0.6,5.4,0,2017
/players/B/ByrdDa00.htm2017,Damiere Byrd,CAR,24,wr,8,3,17,10,58.8,105,10.5,2,31,6.2,1.3,13.1,0,2017
/players/C/ClemCo00.htm2017,Corey Clement,PHI,23,,16,0,15,10,66.7,123,12.3,2,28,8.2,0.6,7.7,0,2017
/players/F/FloyMi00.htm2017,Michael Floyd,MIN,28,wr,11,1,17,10,58.8,78,7.8,0,19,4.6,0.9,7.1,0,2017
/players/L/LewiTo00.htm2017,Tommylee Lewis,NOR,25,,15,0,14,10,71.4,116,11.6,1,52,8.3,0.7,7.7,1,2017
/players/M/MorgDa01.htm2017,David Morgan,MIN,24,te,15,6,12,10,83.3,95,9.5,1,23,7.9,0.7,6.3,0,2017
/players/P/PerrBr02.htm2017,Breshad Perriman,BAL,24,wr,11,3,35,10,28.6,77,7.7,0,14,2.2,0.9,7.0,0,2017
/players/U/UzomC.00.htm2017,C.J. Uzomah,CIN,24,te,14,4,15,10,66.7,92,9.2,1,21,6.1,0.7,6.6,0,2017
/players/W/WillKe05.htm2017,Kerwynn Williams,ARI,26,rb,16,6,15,10,66.7,93,9.3,0,25,6.2,0.6,5.8,0,2017
/players/B/BrowMa03.htm2017,Malcolm Brown,LAR,24,rb,11,1,11,9,81.8,53,5.9,0,16,4.8,0.8,4.8,1,2017
/players/H/HansCh00.htm2017,Chad Hansen,NYJ,22,wr,15,1,17,9,52.9,94,10.4,0,24,5.5,0.6,6.3,0,2017
/players/H/HeueJe00.htm2017,Jeff Heuerman,DEN,25,te,14,6,21,9,42.9,142,15.8,2,54,6.8,0.6,10.1,0,2017
/players/H/HoltJo00.htm2017,Johnny Holton,OAK,26,wr,16,1,18,9,50.0,218,24.2,3,64,12.1,0.6,13.6,3,2017
/players/J/JoneAa00.htm2017,Aaron Jones,GNB,23,rb,12,4,18,9,50.0,22,2.4,0,9,1.2,0.8,1.8,0,2017
/players/M/MartDo00.htm2017,Doug Martin,TAM,28,RB,11,8,18,9,50.0,84,9.3,0,17,4.7,0.8,7.6,1,2017
/players/R/RawlTh00.htm2017,Thomas Rawls,SEA,24,rb,12,3,13,9,69.2,94,10.4,0,22,7.2,0.8,7.8,1,2017
/players/R/RodgJa00.htm2017,Jacquizz Rodgers,TAM,27,rb,16,4,11,9,81.8,74,8.2,0,15,6.7,0.6,4.6,0,2017
/players/T/TurbRo00.htm2017,Robert Turbin,IND,28,rb,6,1,11,9,81.8,56,6.2,0,16,5.1,1.5,9.3,0,2017
/players/W/WalfCl00.htm2017,Clive Walford,OAK,26,,13,0,13,9,69.2,80,8.9,0,26,6.2,0.7,6.2,0,2017
/players/W/WillKa02.htm2017,Kasen Williams,CLE,25,wr,7,2,18,9,50.0,84,9.3,0,14,4.7,1.3,12.0,0,2017
/players/A/AdamJe01.htm2017,Jerell Adams,NYG,25,wr,16,1,11,8,72.7,92,11.5,0,38,8.4,0.5,5.8,0,2017
/players/B/BersBr00.htm2017,Brenton Bersin,CAR,27,wr,8,1,14,8,57.1,128,16.0,0,27,9.1,1.0,16.0,0,2017
/players/B/BlouLe00.htm2017,LeGarrette Blount,PHI,31,RB,16,11,8,8,100.0,50,6.3,1,20,6.3,0.5,3.1,1,2017
/players/C/CarrDe00.htm2017,Derek Carrier,LAR,27,te/wr,14,3,11,8,72.7,71,8.9,0,17,6.5,0.6,5.1,0,2017
/players/D/DarbAm00.htm2017,Amara Darboh,SEA,23,,16,0,13,8,61.5,71,8.9,0,16,5.5,0.5,4.4,0,2017
/players/E/ErviTy00.htm2017,Tyler Ervin,HOU,24,,4,0,11,8,72.7,38,4.8,0,7,3.5,2.0,9.5,0,2017
/players/M/McBrTr00.htm2017,Tre McBride,CHI,25,wr,8,3,15,8,53.3,144,18.0,0,45,9.6,1.0,18.0,0,2017
/players/M/MurpLo00.htm2017,Louis Murphy,SFO,30,wr,7,7,17,8,47.1,121,15.1,1,40,7.1,1.1,17.3,0,2017
/players/P/PerkPa00.htm2017,Paul Perkins,NYG,23,rb,11,4,10,8,80.0,46,5.8,0,11,4.6,0.7,4.2,0,2017
/players/R/RudoTr00.htm2017,Travis Rudolph,NYG,22,wr,7,1,21,8,38.1,101,12.6,0,29,4.8,1.1,14.4,0,2017
/players/S/SmitLe00.htm2017,Lee Smith,OAK,30,TE/wr,16,9,11,8,72.7,76,9.5,0,21,6.9,0.5,4.8,0,2017
/players/S/SneaWi00.htm2017,Willie Snead,NOR,25,wr,11,7,16,8,50.0,92,11.5,0,26,5.8,0.7,8.4,1,2017
/players/S/StewJo00.htm2017,Jonathan Stewart,CAR,30,RB,15,10,15,8,53.3,52,6.5,1,21,3.5,0.5,3.5,3,2017
/players/T/TomlEr01.htm2017,Eric Tomlinson,NYJ,25,TE/wr,14,12,11,8,72.7,121,15.1,1,34,11.0,0.6,8.6,0,2017
/players/T/TrayAu00.htm2017,Austin Traylor,DEN,24,te,7,3,13,8,61.5,100,12.5,0,34,7.7,1.1,14.3,0,2017
/players/B/BlueAl00.htm2017,Alfred Blue,HOU,26,,11,0,9,7,77.8,54,7.7,0,14,6.0,0.6,4.9,0,2017
/players/C/CarrLe00.htm2017,Leonte Carroo,MIA,23,,14,0,12,7,58.3,69,9.9,0,21,5.8,0.5,4.9,0,2017
/players/C/CarsCh00.htm2017,Chris Carson,SEA,23,rb,4,3,8,7,87.5,59,8.4,1,10,7.4,1.8,14.8,0,2017
/players/D/DiMaPa00.htm2017,Patrick DiMarco,BUF,28,FB/rb,16,9,10,7,70.0,28,4.0,0,9,2.8,0.4,1.8,0,2017
/players/H/HamxC.00.htm2017,C.J. Ham,MIN,24,fb,16,1,8,7,87.5,68,9.7,0,12,8.5,0.4,4.3,0,2017
/players/M/MorrAl00.htm2017,Alfred Morris,DAL,29,rb,14,5,9,7,77.8,45,6.4,0,13,5.0,0.5,3.2,0,2017
/players/R/RipkAa00.htm2017,Aaron Ripkowski,GNB,25,fb,16,2,10,7,70.0,39,5.6,0,12,3.9,0.4,2.4,0,2017
/players/S/SproDa00.htm2017,Darren Sproles,PHI,34,,3,0,12,7,58.3,73,10.4,0,16,6.1,2.3,24.3,1,2017
/players/T/ThomLo00.htm2017,Logan Thomas,BUF,26,te,12,2,9,7,77.8,67,9.6,1,22,7.4,0.6,5.6,0,2017
/players/T/TravRo00.htm2017,Ross Travis,2TM,24,,15,3,17,7,41.2,76,10.9,0,20,4.5,0.5,5.1,1,2017
/players/B/BohaTo00.htm2017,Tommy Bohanon,JAX,27,FB,16,10,11,6,54.5,43,7.2,1,14,3.9,0.4,2.7,0,2017
/players/C/ClayKa00.htm2017,Kaelin Clay,2TM,25,,13,2,19,6,31.6,85,14.2,0,28,4.5,0.5,6.5,3,2017
/players/C/CoatSa00.htm2017,Sammie Coates,CLE,24,wr,12,1,11,6,54.5,70,11.7,0,38,6.4,0.5,5.8,0,2017
/players/D/DeveJa00.htm2017,James Develin,NWE,29,fb/rb/te,16,7,10,6,60.0,38,6.3,0,10,3.8,0.4,2.4,0,2017
/players/F/ForeDO00.htm2017,D'Onta Foreman,HOU,21,rb,10,1,8,6,75.0,83,13.8,0,34,10.4,0.6,8.3,2,2017
/players/H/HoomMi00.htm2017,Michael Hoomanawanui,NOR,29,TE,14,10,10,6,60.0,52,8.7,1,25,5.2,0.4,3.7,0,2017
/players/J/JohnDa08.htm2017,David Johnson,ARI,26,rb,1,1,9,6,66.7,67,11.2,0,24,7.4,6.0,67.0,2,2017
/players/L/LacyEd00.htm2017,Eddie Lacy,SEA,27,rb,9,3,6,6,100.0,47,7.8,0,14,7.8,0.7,5.2,0,2017
/players/M/MaloJo00.htm2017,Josh Malone,CIN,21,wr,11,7,17,6,35.3,63,10.5,1,25,3.7,0.5,5.7,0,2017
/players/M/MarsBy01.htm2017,Byron Marshall,WAS,23,,4,0,8,6,75.0,36,6.0,0,12,4.5,1.5,9.0,0,2017
/players/M/MickJa01.htm2017,Jaydon Mickens,JAX,23,,10,0,11,6,54.5,77,12.8,2,41,7.0,0.6,7.7,4,2017
/players/O/OlawJa00.htm2017,Jamize Olawale,OAK,28,,12,0,7,6,85.7,33,5.5,0,9,4.7,0.5,2.8,1,2017
/players/O/OlivBr01.htm2017,Branden Oliver,LAC,26,,8,0,11,6,54.5,26,4.3,0,11,2.4,0.8,3.3,0,2017
/players/P/ProsC.00.htm2017,C.J. Prosise,SEA,23,,5,0,11,6,54.5,87,14.5,0,46,7.9,1.2,17.4,0,2017
/players/Q/QuicBr00.htm2017,Brian Quick,WAS,28,wr,11,1,8,6,75.0,76,12.7,0,31,9.5,0.5,6.9,0,2017
/players/S/SherAn00.htm2017,Anthony Sherman,KAN,29,fb,16,3,8,6,75.0,47,7.8,0,11,5.9,0.4,2.9,0,2017
/players/S/SterNe00.htm2017,Neal Sterling,NYJ,25,fb,11,1,10,6,60.0,82,13.7,0,35,8.2,0.5,7.5,0,2017
/players/S/StewAr00.htm2017,ArDarius Stewart,NYJ,24,wr,15,2,13,6,46.2,82,13.7,0,46,6.3,0.4,5.5,0,2017
/players/S/SwitRy00.htm2017,Ryan Switzer,DAL,23,,16,0,7,6,85.7,41,6.8,0,12,5.9,0.4,2.6,1,2017
/players/T/TateBr00.htm2017,Brandon Tate,BUF,30,wr,13,1,14,6,42.9,81,13.5,1,24,5.8,0.5,6.2,1,2017
/players/T/ThomLa04.htm2017,Lawrence Thomas,NYJ,24,fb/rb,14,4,7,6,85.7,43,7.2,0,15,6.1,0.4,3.1,0,2017
/players/B/BarnKe00.htm2017,Kenjon Barner,PHI,27,rb,13,1,8,5,62.5,56,11.2,0,22,7.0,0.4,4.3,3,2017
/players/C/CrosAl00.htm2017,Alan Cross,TAM,24,fb/te,8,4,6,5,83.3,58,11.6,0,23,9.7,0.6,7.3,0,2017
/players/D/DaviTr03.htm2017,Trevor Davis,GNB,24,,16,0,7,5,71.4,70,14.0,0,29,10.0,0.3,4.4,0,2017
/players/G/GoldBr00.htm2017,Brittan Golden,ARI,29,,13,0,9,5,55.6,70,14.0,0,29,7.8,0.4,5.4,0,2017
/players/G/GrimXa00.htm2017,Xavier Grimble,PIT,25,te/wr,15,2,9,5,55.6,32,6.4,1,12,3.6,0.3,2.1,0,2017
/players/J/JohnCh04.htm2017,Chris Johnson,ARI,32,rb,4,3,6,5,83.3,43,8.6,0,15,7.2,1.3,10.8,0,2017
/players/J/JohnMa07.htm2017,Marcus Johnson,PHI,23,,10,0,8,5,62.5,45,9.0,0,16,5.6,0.5,4.5,1,2017
/players/K/KoyaBe00.htm2017,Ben Koyack,JAX,24,te,16,3,7,5,71.4,38,7.6,0,21,5.4,0.3,2.4,0,2017
/players/M/MartFr00.htm2017,Freddie Martino,TAM,26,,8,0,6,5,83.3,96,19.2,0,39,16.0,0.6,12.0,0,2017
/players/M/McEvTa01.htm2017,Tanner McEvoy,SEA,24,,15,0,9,5,55.6,113,22.6,0,53,12.6,0.3,7.5,1,2017
/players/R/RainBo00.htm2017,Bobby Rainey,BAL,30,,4,0,7,5,71.4,18,3.6,0,12,2.6,1.3,4.5,0,2017
/players/S/SharHu01.htm2017,Hunter Sharp,2TM,23,,3,1,9,5,55.6,54,10.8,1,21,6.0,1.7,18.0,0,2017
/players/S/SmitKe03.htm2017,Keith Smith,DAL,25,fb,16,3,5,5,100.0,26,5.2,0,12,5.2,0.3,1.6,0,2017
/players/T/ThomMi04.htm2017,Mike Thomas,LAR,23,wr,8,1,7,5,71.4,93,18.6,0,50,13.3,0.6,11.6,1,2017
/players/T/ThomCh05.htm2017,Chris Thompson,HOU,23,,13,0,6,5,83.3,84,16.8,0,32,14.0,0.4,6.5,3,2017
/players/T/TregBr00.htm2017,Bryce Treggs,CLE,23,wr,6,1,18,5,27.8,79,15.8,0,20,4.4,0.8,13.2,1,2017
/players/W/WhitFo00.htm2017,Fozzy Whittaker,CAR,28,,12,0,6,5,83.3,47,9.4,1,28,7.8,0.4,3.9,0,2017
/players/B/BrowNo00.htm2017,Noah Brown,DAL,21,wr,13,1,9,4,44.4,33,8.3,0,14,3.7,0.3,2.5,0,2017
/players/C/ClarMi00.htm2017,Michael Clark,GNB,22,,2,0,14,4,28.6,41,10.3,0,19,2.9,2.0,20.5,0,2017
/players/D/DayeMa00.htm2017,Matthew Dayes,CLE,23,,16,0,5,4,80.0,29,7.3,0,15,5.8,0.3,1.8,0,2017
/players/E/EifeTy00.htm2017,Tyler Eifert,CIN,27,,2,0,5,4,80.0,46,11.5,0,22,9.2,2.0,23.0,0,2017
/players/H/HannJa00.htm2017,James Hanna,DAL,28,TE,16,8,9,4,44.4,88,22.0,1,31,9.8,0.3,5.5,0,2017
/players/H/HarrMa05.htm2017,Maurice Harris,WAS,25,,6,0,6,4,66.7,62,15.5,1,36,10.3,0.7,10.3,0,2017
/players/H/HillJe01.htm2017,Jeremy Hill,CIN,25,rb,7,7,4,4,100.0,16,4.0,0,10,4.0,0.6,2.3,1,2017
/players/H/HollJa03.htm2017,Jacob Hollister,NWE,24,te,15,1,11,4,36.4,42,10.5,0,19,3.8,0.3,2.8,0,2017
/players/H/HuntAk01.htm2017,Akeem Hunt,KAN,24,,15,0,7,4,57.1,31,7.8,0,20,4.4,0.3,2.1,0,2017
/players/H/HuntJu00.htm2017,Justin Hunter,PIT,26,wr,7,1,10,4,40.0,23,5.8,1,7,2.3,0.6,3.3,0,2017
/players/J/JanoAn00.htm2017,Andy Janovich,DEN,24,fb,16,4,6,4,66.7,35,8.8,0,16,5.8,0.3,2.2,0,2017
/players/K/KellRo00.htm2017,Robert Kelley,WAS,25,rb,7,7,7,4,57.1,18,4.5,0,9,2.6,0.6,2.6,0,2017
/players/M/McGrSe00.htm2017,Sean McGrath,LAC,30,te,15,6,4,4,100.0,46,11.5,0,23,11.5,0.3,3.1,0,2017
/players/M/McKeIs00.htm2017,Isaiah McKenzie,DEN,22,,11,0,13,4,30.8,29,7.3,0,14,2.2,0.4,2.6,6,2017
/players/P/PennEl00.htm2017,Elijhaa Penny,ARI,24,,16,0,6,4,66.7,38,9.5,0,18,6.3,0.3,2.4,0,2017
/players/P/ProsJa00.htm2017,Jay Prosch,HOU,25,fb,16,5,4,4,100.0,31,7.8,0,18,7.8,0.3,1.9,0,2017
/players/R/RicaPa00.htm2017,Patrick Ricard,BAL,23,,16,0,4,4,100.0,12,3.0,2,6,3.0,0.3,0.8,0,2017
/players/R/RobeMi01.htm2017,Michael Roberts,DET,23,te,15,3,7,4,57.1,46,11.5,0,23,6.6,0.3,3.1,0,2017
/players/S/StocLu00.htm2017,Luke Stocker,2TM,29,,12,5,5,4,80.0,30,7.5,1,12,6.0,0.3,2.5,0,2017
/players/S/SupePh00.htm2017,Phillip Supernaw,TEN,27,te,16,3,6,4,66.7,39,9.8,1,20,6.5,0.3,2.4,0,2017
/players/T/TyexWi00.htm2017,Will Tye,NYJ,26,te,3,1,6,4,66.7,38,9.5,0,21,6.3,1.3,12.7,0,2017
/players/W/WhalGr00.htm2017,Griff Whalen,BAL,27,,2,0,6,4,66.7,23,5.8,0,9,3.8,2.0,11.5,0,2017
/players/A/AbbrJa00.htm2017,Jared Abbrederis,DET,27,,7,0,7,3,42.9,44,14.7,0,25,6.3,0.4,6.3,0,2017
/players/B/BellBl00.htm2017,Blake Bell,MIN,26,te,13,3,4,3,75.0,19,6.3,0,12,4.8,0.2,1.5,0,2017
/players/B/BrayQu00.htm2017,Quan Bray,IND,24,,9,0,4,3,75.0,39,13.0,0,22,9.8,0.3,4.3,1,2017
/players/D/DaniDa02.htm2017,Darrell Daniels,IND,23,te,12,3,13,3,23.1,26,8.7,0,13,2.0,0.3,2.2,0,2017
/players/F/FergJo02.htm2017,Josh Ferguson,IND,24,,10,0,4,3,75.0,16,5.3,0,8,4.0,0.3,1.6,0,2017
/players/G/GentTa00.htm2017,Tanner Gentry,CHI,23,wr,4,3,6,3,50.0,35,11.7,0,15,5.8,0.8,8.8,0,2017
/players/G/GranCo00.htm2017,Corey Grant,JAX,26,,16,0,4,3,75.0,41,13.7,0,28,10.3,0.2,2.6,1,2017
/players/M/MattCh00.htm2017,Chris Matthews,BAL,28,,6,0,6,3,50.0,25,8.3,0,12,4.2,0.5,4.2,0,2017
/players/M/MaysDe00.htm2017,Devante Mays,GNB,23,,8,0,3,3,100.0,0,0.0,0,1,0.0,0.4,0.0,2,2017
/players/S/SmitDe06.htm2017,De'Veon Smith,MIA,23,,5,0,3,3,100.0,27,9.0,0,13,9.0,0.6,5.4,0,2017
/players/S/StroJa01.htm2017,Jaelen Strong,2TM,23,,2,0,4,3,75.0,38,12.7,1,19,9.5,1.5,19.0,0,2017
/players/T/TelfRa00.htm2017,Randall Telfer,CLE,25,TE,16,14,4,3,75.0,36,12.0,0,20,9.0,0.2,2.3,0,2017
/players/V/VitaDa00.htm2017,Danny Vitale,CLE,24,fb,15,6,5,3,60.0,19,6.3,0,11,3.8,0.2,1.3,0,2017
/players/W/WardTe00.htm2017,Terron Ward,ATL,25,,14,0,3,3,100.0,14,4.7,0,11,4.7,0.2,1.0,1,2017
/players/W/WheaMa00.htm2017,Markus Wheaton,CHI,26,,11,0,17,3,17.6,51,17.0,0,22,3.0,0.3,4.6,0,2017
/players/W/WillCh05.htm2017,Chad Williams,ARI,23,wr,6,1,7,3,42.9,31,10.3,0,15,4.4,0.5,5.2,0,2017
/players/W/WillNi02.htm2017,Nick Williams,ATL,27,,1,0,4,3,75.0,30,10.0,0,14,7.5,3.0,30.0,0,2017
/players/A/AgneJa00.htm2017,Jamal Agnew,DET,22,,13,0,2,2,100.0,18,9.0,0,12,9.0,0.2,1.4,3,2017
/players/A/AuclAn00.htm2017,Antony Auclair,TAM,24,te/wr,8,3,2,2,100.0,25,12.5,0,14,12.5,0.3,3.1,0,2017
/players/B/BurtMi00.htm2017,Michael Burton,CHI,25,fb,16,3,4,2,50.0,8,4.0,0,8,2.0,0.1,0.5,0,2017
/players/B/ByrdEm00.htm2017,Emanuel Byrd,GNB,23,,1,0,2,2,100.0,31,15.5,0,29,15.5,2.0,31.0,0,2017
/players/C/CharOr00.htm2017,Orson Charles,KAN,26,,5,0,2,2,100.0,53,26.5,0,35,26.5,0.4,10.6,0,2017
/players/C/ChesJe00.htm2017,Jehu Chesson,KAN,24,wr,12,1,4,2,50.0,18,9.0,0,10,4.5,0.2,1.5,0,2017
/players/C/ColeDe00.htm2017,Derrick Coleman,ATL,27,fb,16,7,7,2,28.6,20,10.0,0,11,2.9,0.1,1.3,0,2017
/players/C/CumbJe00.htm2017,Jeff Cumberland,LAC,30,te,7,3,3,2,66.7,2,1.0,0,2,0.7,0.3,0.3,0,2017
/players/G/GibsSh00.htm2017,Shelton Gibson,PHI,22,,5,0,3,2,66.7,11,5.5,0,6,3.7,0.4,2.2,0,2017
/players/G/GreeTi00.htm2017,Tion Green,DET,24,,5,0,2,2,100.0,14,7.0,0,9,7.0,0.4,2.8,0,2017
/players/H/HallMa02.htm2017,Marvin Hall,ATL,24,,8,0,9,2,22.2,60,30.0,1,40,6.7,0.3,7.5,0,2017
/players/H/HendDe01.htm2017,De'Angelo Henderson,DEN,25,,5,0,2,2,100.0,36,18.0,1,29,18.0,0.4,7.2,0,2017
/players/H/HewiRy00.htm2017,Ryan Hewitt,CIN,26,rb,13,4,2,2,100.0,22,11.0,0,16,11.0,0.2,1.7,0,2017
/players/H/HeywDa00.htm2017,Darrius Heyward-Bey,PIT,30,,16,0,3,2,66.7,47,23.5,0,44,15.7,0.1,2.9,0,2017
/players/H/HikuCo00.htm2017,Cole Hikutini,SFO,23,,4,0,3,2,66.7,15,7.5,0,10,5.0,0.5,3.8,0,2017
/players/H/HillBr02.htm2017,Brian Hill,2TM,22,,7,0,2,2,100.0,36,18.0,0,34,18.0,0.3,5.1,0,2017
/players/J/JaniJe00.htm2017,Jeff Janis,GNB,26,,16,0,5,2,40.0,12,6.0,0,12,2.4,0.1,0.8,0,2017
/players/L/LineZa01.htm2017,Zach Line,NOR,27,fb,12,4,5,2,40.0,8,4.0,1,5,1.6,0.2,0.7,0,2017
/players/M/MaddTr01.htm2017,Tre Madden,SEA,24,fb,8,3,2,2,100.0,65,32.5,0,66,32.5,0.3,8.1,0,2017
/players/M/ManhCh00.htm2017,Chris Manhertz,CAR,25,te,16,4,4,2,50.0,17,8.5,0,11,4.3,0.1,1.1,0,2017
/players/M/MurpMa03.htm2017,Marcus Murphy,BUF,26,,1,0,2,2,100.0,7,3.5,0,5,3.5,2.0,7.0,0,2017
/players/N/NatsJo00.htm2017,Jojo Natson,NYJ,23,,7,0,5,2,40.0,18,9.0,0,19,3.6,0.3,2.6,1,2017
/players/N/NixxRo01.htm2017,Roosevelt Nix,PIT,25,fb/rb,16,4,3,2,66.7,6,3.0,1,5,2.0,0.1,0.4,0,2017
/players/P/PoweDa02.htm2017,Darius Powe,NYG,23,wr,1,1,4,2,50.0,13,6.5,0,8,3.3,2.0,13.0,0,2017
/players/R/ReedBe01.htm2017,Bernard Reedy,2TM,26,,11,0,2,2,100.0,21,10.5,0,15,10.5,0.2,1.9,1,2017
/players/S/SpriJe00.htm2017,Jeremy Sprinkle,WAS,23,te/wr,11,5,3,2,66.7,13,6.5,1,7,4.3,0.2,1.2,0,2017
/players/S/SwaiGe00.htm2017,Geoff Swaim,DAL,24,te,15,2,2,2,100.0,25,12.5,0,18,12.5,0.1,1.7,0,2017
/players/T/TousFi00.htm2017,Fitzgerald Toussaint,PIT,27,,6,0,3,2,66.7,9,4.5,0,7,3.0,0.3,1.5,0,2017
/players/W/WashDw00.htm2017,Dwayne Washington,DET,23,,5,0,2,2,100.0,14,7.0,0,10,7.0,0.4,2.8,0,2017
/players/W/WattDe00.htm2017,Derek Watt,LAC,25,fb,16,4,3,2,66.7,35,17.5,0,23,11.7,0.1,2.2,0,2017
/players/W/WestTe00.htm2017,Terrance West,BAL,26,rb,5,4,4,2,50.0,23,11.5,0,15,5.8,0.4,4.6,1,2017
/players/W/WhitKe00.htm2017,Kevin White,CHI,25,wr,1,1,4,2,50.0,6,3.0,0,6,1.5,2.0,6.0,0,2017
/players/A/ArtiCa00.htm2017,Cameron Artis-Payne,CAR,27,,13,0,1,1,100.0,2,2.0,0,2,2.0,0.1,0.2,0,2017
/players/B/BellNi01.htm2017,Nick Bellore,DET,28,mlb,13,2,1,1,100.0,1,1.0,1,1,1.0,0.1,0.1,0,2017
/players/B/BennAr00.htm2017,Arrelious Benn,JAX,29,,9,0,2,1,50.0,12,12.0,0,12,6.0,0.1,1.3,0,2017
/players/B/BoldBr00.htm2017,Brandon Bolden,NWE,27,,16,0,4,1,25.0,7,7.0,0,7,1.8,0.1,0.4,0,2017
/players/B/BrowMa02.htm2017,Mack Brown,2TM,26,,4,0,1,1,100.0,11,11.0,0,11,11.0,0.3,2.8,0,2017
/players/D/DougHa00.htm2017,Harry Douglas,TEN,33,,2,0,3,1,33.3,8,8.0,0,8,2.7,0.5,4.0,0,2017
/players/D/DunbLa00.htm2017,Lance Dunbar,LAR,27,,4,0,3,1,33.3,1,1.0,0,1,0.3,0.3,0.3,0,2017
/players/G/GaroJi00.htm2017,Jimmy Garoppolo,SFO,26,qb,6,5,1,1,100.0,-6,-6.0,0,-6,-6.0,0.2,-1.0,1,2017
/players/G/GillMi00.htm2017,Mike Gillislee,NWE,27,rb,9,2,1,1,100.0,15,15.0,0,15,15.0,0.1,1.7,1,2017
/players/G/GrayMa00.htm2017,MarQueis Gray,MIA,28,,16,0,3,1,33.3,10,10.0,0,10,3.3,0.1,0.6,0,2017
/players/G/GrifGa00.htm2017,Garrett Griffin,NOR,23,,3,0,1,1,100.0,4,4.0,0,4,4.0,0.3,1.3,0,2017
/players/H/HamiCo00.htm2017,Cobi Hamilton,HOU,27,wr,3,1,6,1,16.7,8,8.0,0,8,1.3,0.3,2.7,0,2017
/players/H/HazeMa01.htm2017,Matt Hazel,IND,25,,4,0,1,1,100.0,1,1.0,0,1,1.0,0.3,0.3,0,2017
/players/H/HundBr00.htm2017,Brett Hundley,GNB,24,QB,11,9,1,1,100.0,10,10.0,0,10,10.0,0.1,0.9,4,2017
/players/J/JoneTa00.htm2017,Taiwan Jones,BUF,29,,8,0,2,1,50.0,11,11.0,0,11,5.5,0.1,1.4,0,2017
/players/K/KerrJo00.htm2017,Joe Kerridge,GNB,25,,4,0,1,1,100.0,3,3.0,0,3,3.0,0.3,0.8,0,2017
/players/L/LeslJo00.htm2017,Jordan Leslie,CLE,26,,2,0,1,1,100.0,26,26.0,0,26,26.0,0.5,13.0,0,2017
/players/M/MallRy02.htm2017,Ryan Malleck,HOU,24,,2,0,1,1,100.0,3,3.0,0,3,3.0,0.5,1.5,0,2017
/players/M/McCaMa01.htm2017,Max McCaffrey,JAX,23,,5,0,1,1,100.0,4,4.0,0,4,4.0,0.2,0.8,0,2017
/players/M/MihaBr00.htm2017,Brian Mihalik,DET,25,t,15,2,1,1,100.0,-4,-4.0,0,-4,-4.0,0.1,-0.3,0,2017
/players/M/MomaIf00.htm2017,Ifeanyi Momah,ARI,28,te,9,2,2,1,50.0,46,46.0,0,46,23.0,0.1,5.1,0,2017
/players/P/PeakCh00.htm2017,Charone Peake,NYJ,25,,3,0,1,1,100.0,3,3.0,0,3,3.0,0.3,1.0,0,2017
/players/P/PerrSe00.htm2017,Senorise Perry,MIA,26,,16,0,1,1,100.0,3,3.0,0,3,3.0,0.1,0.2,0,2017
/players/P/PinkLa00.htm2017,Larry Pinkard,JAX,25,,4,0,1,1,100.0,5,5.0,0,5,5.0,0.3,1.3,0,2017
/players/R/RaymKa00.htm2017,Kalif Raymond,2TM,23,,8,0,1,1,100.0,12,12.0,0,12,12.0,0.1,1.5,5,2017
/players/R/RobeAn00.htm2017,Andre Roberts,ATL,29,,16,0,4,1,25.0,12,12.0,0,12,3.0,0.1,0.8,4,2017
/players/R/RobiAl02.htm2017,Allen Robinson,JAX,24,wr,1,1,1,1,100.0,17,17.0,0,17,17.0,1.0,17.0,0,2017
/players/W/WeemEr00.htm2017,Eric Weems,TEN,32,,16,0,2,1,50.0,5,5.0,0,5,2.5,0.1,0.3,0,2017
/players/W/WestLe00.htm2017,Leonard Wester,TAM,24,,8,0,1,1,100.0,2,2.0,1,2,2.0,0.1,0.3,0,2017
/players/W/WhitDe01.htm2017,DeAndrew White,HOU,26,wr,2,1,7,1,14.3,24,24.0,0,24,3.4,0.5,12.0,1,2017
/players/W/WillMa03.htm2017,Marcus Williams,2TM,26,,15,0,1,1,100.0,31,31.0,0,31,31.0,0.1,2.1,0,2017
/players/W/WilsJe00.htm2017,Jesus Wilson,TAM,22,wr,3,1,1,1,100.0,18,18.0,1,18,18.0,0.3,6.0,0,2017
/players/Z/ZeitKe00.htm2017,Kevin Zeitler,CLE,27,RG,16,16,1,1,100.0,-4,-4.0,0,-4,-4.0,0.1,-0.3,0,2017
