player_url,name,team,age,position,games_played,games_started,targets,receptions,catch_pct,rec_yards,yards_per_rec,rec_td,longest_rec,rec_yards_per_target,rec_per_game,rec_yards_per_game,fumbles,year
/players/T/ThomMi05.htm2018,Michael Thomas,NOR,25,WR,16,16,147,125,85.0,1405,11.2,9,72,9.6,7.8,87.8,2,2018
/players/E/ErtzZa00.htm2018,Zach Ertz,PHI,28,TE,16,16,156,116,74.4,1163,10.0,8,34,7.5,7.3,72.7,1,2018
/players/H/HopkDe00.htm2018,DeAndre Hopkins,HOU,26,WR,16,16,163,115,70.6,1572,13.7,11,49,9.6,7.2,98.3,2,2018
/players/J/JoneJu02.htm2018,Julio Jones,ATL,29,WR,16,16,170,113,66.5,1677,14.8,8,58,9.9,7.1,104.8,2,2018
/players/T/ThieAd00.htm2018,Adam Thielen,MIN,28,WR,16,16,153,113,73.9,1373,12.2,9,68,9.0,7.1,85.8,1,2018
/players/A/AdamDa01.htm2018,Davante Adams,GNB,26,WR,15,15,169,111,65.7,1386,12.5,13,57,8.2,7.4,92.4,0,2018
/players/S/SmitJu00.htm2018,JuJu Smith-Schuster,PIT,22,WR,16,13,166,111,66.9,1426,12.8,7,97,8.6,6.9,89.1,1,2018
/players/M/McCaCh01.htm2018,Christian McCaffrey,CAR,22,RB,16,16,124,107,86.3,867,8.1,6,38,7.0,6.7,54.2,4,2018
/players/B/BrowAn04.htm2018,Antonio Brown,PIT,30,WR,15,15,168,104,61.9,1297,12.5,15,78,7.7,6.9,86.5,0,2018
/players/K/KelcTr00.htm2018,Travis Kelce,KAN,29,TE,16,16,150,103,68.7,1336,13.0,10,43,8.9,6.4,83.5,2,2018
/players/D/DiggSt00.htm2018,Stefon Diggs,MIN,25,WR,15,14,149,102,68.5,1021,10.0,9,75,6.9,6.8,68.1,0,2018
/players/A/AlleKe00.htm2018,Keenan Allen,LAC,26,WR,16,14,136,97,71.3,1196,12.3,6,54,8.8,6.1,74.8,3,2018
/players/B/BarkSa00.htm2018,Saquon Barkley,NYG,21,RB,16,16,121,91,75.2,721,7.9,4,57,6.0,5.7,45.1,0,2018
/players/K/KittGe00.htm2018,George Kittle,SFO,25,TE,16,16,136,88,64.7,1377,15.6,5,85,10.1,5.5,86.1,0,2018
/players/H/HillTy00.htm2018,Tyreek Hill,KAN,24,WR,16,16,137,87,63.5,1479,17.0,12,75,10.8,5.4,92.4,0,2018
/players/W/WhitJa02.htm2018,James White,NWE,26,rb,16,3,123,87,70.7,751,8.6,7,42,6.1,5.4,46.9,0,2018
/players/E/EvanMi00.htm2018,Mike Evans,TAM,25,WR,16,16,138,86,62.3,1524,17.7,8,72,11.0,5.4,95.3,2,2018
/players/W/WoodRo02.htm2018,Robert Woods,LAR,26,WR,16,16,130,86,66.2,1219,14.2,6,39,9.4,5.4,76.2,0,2018
/players/K/KamaAl00.htm2018,Alvin Kamara,NOR,23,RB,15,13,105,81,77.1,709,8.8,4,42,6.8,5.4,47.3,1,2018
/players/L/LandJa00.htm2018,Jarvis Landry,CLE,26,WR,16,14,149,81,54.4,976,12.0,4,51,6.6,5.1,61.0,1,2018
/players/C/CookBr00.htm2018,Brandin Cooks,LAR,25,WR,16,16,117,80,68.4,1204,15.1,5,57,10.3,5.0,75.3,1,2018
/players/B/BeckOd00.htm2018,Odell Beckham,NYG,26,WR,12,12,124,77,62.1,1052,13.7,6,51,8.5,6.4,87.7,2,2018
/players/E/ElliEz00.htm2018,Ezekiel Elliott,DAL,23,RB,15,15,95,77,81.1,567,7.4,3,38,6.0,5.1,37.8,6,2018
/players/B/BoydTy00.htm2018,Tyler Boyd,CIN,24,WR,14,14,108,76,70.4,1028,13.5,7,49,9.5,5.4,73.4,0,2018
/players/H/HiltT.00.htm2018,T.Y. Hilton,IND,29,WR,14,14,120,76,63.3,1270,16.7,6,68,10.6,5.4,90.7,0,2018
/players/H/HumpAd00.htm2018,Adam Humphries,TAM,25,WR,16,10,105,76,72.4,816,10.7,5,51,7.8,4.8,51.0,2,2018
/players/C/CoopAm00.htm2018,Amari Cooper,2TM,24,,15,15,107,75,70.1,1005,13.4,7,90,9.4,5.0,67.0,2,2018
/players/E/EdelJu00.htm2018,Julian Edelman,NWE,32,WR,12,12,108,74,68.5,850,11.5,6,36,7.9,6.2,70.8,1,2018
/players/T/TateGo00.htm2018,Golden Tate,2TM,30,,15,8,113,74,65.5,795,10.7,4,67,7.0,4.9,53.0,3,2018
/players/C/CoheTa00.htm2018,Tarik Cohen,CHI,23,rb/wr,16,7,91,71,78.0,725,10.2,5,70,8.0,4.4,45.3,7,2018
/players/H/HoopAu00.htm2018,Austin Hooper,ATL,24,te,16,7,88,71,80.7,660,9.3,4,36,7.5,4.4,41.3,0,2018
/players/S/SandEm00.htm2018,Emmanuel Sanders,DEN,31,WR,12,12,98,71,72.4,868,12.2,4,64,8.9,5.9,72.3,1,2018
/players/G/GollKe00.htm2018,Kenny Golladay,DET,25,WR,15,13,119,70,58.8,1063,15.2,5,60,8.9,4.7,70.9,1,2018
/players/F/FitzLa00.htm2018,Larry Fitzgerald,ARI,35,WR,16,16,112,69,61.6,734,10.6,6,37,6.6,4.3,45.9,0,2018
/players/C/CookJa02.htm2018,Jared Cook,OAK,31,TE,16,14,101,68,67.3,896,13.2,6,45,8.9,4.3,56.0,0,2018
/players/R/RichJa01.htm2018,Jalen Richard,OAK,25,rb,16,1,81,68,84.0,607,8.9,0,32,7.5,4.3,37.9,3,2018
/players/G/GabrTa00.htm2018,Taylor Gabriel,CHI,27,WR,16,11,93,67,72.0,688,10.3,2,54,7.4,4.2,43.0,1,2018
/players/E/EbroEr00.htm2018,Eric Ebron,IND,25,te/wr,16,8,110,66,60.0,750,11.4,13,53,6.8,4.1,46.9,1,2018
/players/S/SanuMo00.htm2018,Mohamed Sanu,ATL,29,WR,16,16,94,66,70.2,838,12.7,4,44,8.9,4.1,52.4,2,2018
/players/S/ShepSt00.htm2018,Sterling Shepard,NYG,25,WR,16,16,107,66,61.7,872,13.2,4,58,8.1,4.1,54.5,1,2018
/players/W/WestDe00.htm2018,Dede Westbrook,JAX,25,WR,16,9,101,66,65.3,717,10.9,5,61,7.1,4.1,44.8,3,2018
/players/B/BeasCo00.htm2018,Cole Beasley,DAL,29,wr,16,4,87,65,74.7,672,10.3,3,32,7.7,4.1,42.0,0,2018
/players/D/DaviCo03.htm2018,Corey Davis,TEN,23,WR,16,16,112,65,58.0,891,13.7,4,51,8.0,4.1,55.7,1,2018
/players/J/JeffAl00.htm2018,Alshon Jeffery,PHI,28,WR,13,13,92,65,70.7,843,13.0,6,52,9.2,5.0,64.8,1,2018
/players/A/AghoNe00.htm2018,Nelson Agholor,PHI,25,WR,16,16,97,64,66.0,736,11.5,4,83,7.6,4.0,46.0,1,2018
/players/R/RidlCa00.htm2018,Calvin Ridley,ATL,24,wr,16,5,92,64,69.6,821,12.8,10,75,8.9,4.0,51.3,2,2018
/players/R/RudoKy00.htm2018,Kyle Rudolph,MIN,29,TE,16,16,82,64,78.0,634,9.9,4,44,7.7,4.0,39.6,0,2018
/players/H/HineNy00.htm2018,Nyheim Hines,IND,22,rb,16,4,81,63,77.8,425,6.7,2,28,5.2,3.9,26.6,1,2018
/players/N/NelsJo00.htm2018,Jordy Nelson,OAK,33,WR,15,14,88,63,71.6,739,11.7,3,66,8.4,4.2,49.3,1,2018
/players/S/SneaWi00.htm2018,Willie Snead,BAL,26,WR,16,10,95,62,65.3,651,10.5,1,28,6.9,3.9,40.7,0,2018
/players/R/RiddTh00.htm2018,Theo Riddick,DET,27,wr,14,3,74,61,82.4,384,6.3,0,20,5.2,4.4,27.4,0,2018
/players/A/AmenDa00.htm2018,Danny Amendola,MIA,33,WR,15,15,79,59,74.7,575,9.7,1,39,7.3,3.9,38.3,2,2018
/players/G/GodwCh00.htm2018,Chris Godwin,TAM,22,wr,16,5,95,59,62.1,842,14.3,7,48,8.9,3.7,52.6,4,2018
/players/G/GurlTo01.htm2018,Todd Gurley,LAR,24,RB,14,14,81,59,72.8,580,9.8,4,56,7.2,4.2,41.4,1,2018
/players/L/LewiDi00.htm2018,Dion Lewis,TEN,28,rb,16,7,67,59,88.1,400,6.8,1,37,6.0,3.7,25.0,1,2018
/players/T/ThomDe03.htm2018,Demaryius Thomas,2TM,31,,15,15,89,59,66.3,677,11.5,5,45,7.6,3.9,45.1,0,2018
/players/L/LockTy00.htm2018,Tyler Lockett,SEA,26,WR,16,14,70,57,81.4,965,16.9,10,52,13.8,3.6,60.3,2,2018
/players/J/JoneZa00.htm2018,Zay Jones,BUF,23,WR,16,15,102,56,54.9,652,11.6,7,57,6.4,3.5,40.8,1,2018
/players/N/NjokDa00.htm2018,David Njoku,CLE,22,TE,16,14,88,56,63.6,639,11.4,4,66,7.3,3.5,39.9,0,2018
/players/C/ConnJa00.htm2018,James Conner,PIT,23,RB,13,12,71,55,77.5,497,9.0,1,29,7.0,4.2,38.2,4,2018
/players/G/GrahJi00.htm2018,Jimmy Graham,GNB,32,TE,16,12,89,55,61.8,636,11.6,2,54,7.1,3.4,39.8,0,2018
/players/M/MoorD.00.htm2018,D.J. Moore,CAR,21,WR,16,10,82,55,67.1,788,14.3,2,82,9.6,3.4,49.3,4,2018
/players/R/RobiAl02.htm2018,Allen Robinson,CHI,25,WR,13,12,94,55,58.5,754,13.7,4,43,8.0,4.2,58.0,1,2018
/players/Y/YeldT.00.htm2018,T.J. Yeldon,JAX,25,rb,14,5,78,55,70.5,487,8.9,4,37,6.2,3.9,34.8,1,2018
/players/B/BurtTr01.htm2018,Trey Burton,CHI,27,TE,16,16,76,54,71.1,569,10.5,6,47,7.5,3.4,35.6,1,2018
/players/C/CrabMi00.htm2018,Michael Crabtree,BAL,31,WR,16,16,100,54,54.0,607,11.2,3,27,6.1,3.4,37.9,0,2018
/players/R/ReedJo02.htm2018,Jordan Reed,WAS,28,te/wr,13,8,84,54,64.3,558,10.3,2,34,6.6,4.2,42.9,1,2018
/players/D/DrakKe00.htm2018,Kenyan Drake,MIA,24,rb,16,7,73,53,72.6,477,9.0,5,52,6.5,3.3,29.8,2,2018
/players/R/RogeCh02.htm2018,Chester Rogers,IND,24,WR,16,10,72,53,73.6,485,9.2,2,34,6.7,3.3,30.3,1,2018
/players/A/AndeRo04.htm2018,Robby Anderson,NYJ,25,WR,14,9,94,50,53.2,752,15.0,6,76,8.0,3.6,53.7,2,2018
/players/B/BaldDo00.htm2018,Doug Baldwin,SEA,30,WR,13,13,73,50,68.5,618,12.4,5,42,8.5,3.8,47.5,0,2018
/players/G/GordMe00.htm2018,Melvin Gordon,LAC,25,RB,12,12,66,50,75.8,490,9.8,4,66,7.4,4.2,40.8,1,2018
/players/J/JohnDa08.htm2018,David Johnson,ARI,27,RB,16,16,76,50,65.8,446,8.9,3,40,5.9,3.1,27.9,3,2018
/players/M/McDoVa00.htm2018,Vance McDonald,PIT,28,TE,15,14,72,50,69.4,610,12.2,4,75,8.5,3.3,40.7,2,2018
/players/M/MoncDo00.htm2018,Donte Moncrief,JAX,25,WR,16,14,89,48,53.9,668,13.9,3,80,7.5,3.0,41.8,1,2018
/players/G/GronRo00.htm2018,Rob Gronkowski,NWE,29,TE,13,11,72,47,65.3,682,14.5,3,42,9.5,3.6,52.5,1,2018
/players/J/JohnDu00.htm2018,Duke Johnson,CLE,25,rb,16,2,62,47,75.8,429,9.1,3,32,6.9,2.9,26.8,1,2018
/players/G/GreeA.00.htm2018,A.J. Green,CIN,30,WR,9,9,77,46,59.7,694,15.1,6,38,9.0,5.1,77.1,2,2018
/players/E/EngrEv00.htm2018,Evan Engram,NYG,24,TE,11,8,64,45,70.3,577,12.8,3,54,9.0,4.1,52.5,0,2018
/players/R/RobeSe00.htm2018,Seth Roberts,OAK,27,wr,15,7,64,45,70.3,494,11.0,2,44,7.7,3.0,32.9,0,2018
/players/D/DoctJo00.htm2018,Josh Doctson,WAS,26,WR,15,12,78,44,56.4,532,12.1,2,32,6.8,2.9,35.5,0,2018
/players/F/FuncDe00.htm2018,Devin Funchess,CAR,24,WR,14,12,79,44,55.7,549,12.5,4,27,6.9,3.1,39.2,0,2018
/players/C/CallAn00.htm2018,Antonio Callaway,CLE,21,WR,16,11,79,43,54.4,586,13.6,5,71,7.4,2.7,36.6,1,2018
/players/K/KirkCh01.htm2018,Christian Kirk,ARI,22,wr,12,7,68,43,63.2,590,13.7,3,75,8.7,3.6,49.2,0,2018
/players/M/MixoJo00.htm2018,Joe Mixon,CIN,22,RB,14,13,55,43,78.2,296,6.9,1,21,5.4,3.1,21.1,0,2018
/players/U/UzomC.00.htm2018,C.J. Uzomah,CIN,25,TE,16,15,64,43,67.2,439,10.2,3,29,6.9,2.7,27.4,0,2018
/players/W/WillMi07.htm2018,Mike Williams,LAC,24,wr,16,5,66,43,65.2,664,15.4,10,55,10.1,2.7,41.5,0,2018
/players/W/WrigJa02.htm2018,Jarius Wright,CAR,29,fb/wr,16,6,59,43,72.9,447,10.4,1,33,7.6,2.7,27.9,3,2018
/players/B/BourKe00.htm2018,Kendrick Bourne,SFO,23,WR,16,8,66,42,63.6,487,11.6,4,33,7.4,2.6,30.4,1,2018
/players/B/BrowJo02.htm2018,John Brown,BAL,28,WR,16,15,97,42,43.3,715,17.0,5,71,7.4,2.6,44.7,0,2018
/players/S/SuttCo00.htm2018,Courtland Sutton,DEN,23,WR,16,9,84,42,50.0,704,16.8,4,42,8.4,2.6,44.0,0,2018
/players/G/GordJo02.htm2018,Josh Gordon,2TM,27,,12,12,71,41,57.7,737,18.0,4,55,10.4,3.4,61.4,0,2018
/players/J/JackDe00.htm2018,DeSean Jackson,TAM,32,WR,12,10,74,41,55.4,774,18.9,4,75,10.5,3.4,64.5,0,2018
/players/T/ThomCh03.htm2018,Chris Thompson,WAS,28,,10,0,55,41,74.5,268,6.5,1,23,4.9,4.1,26.8,1,2018
/players/W/WillTy00.htm2018,Tyrell Williams,LAC,26,lcb/wr,16,10,65,41,63.1,653,15.9,5,75,10.0,2.6,40.8,2,2018
/players/C/CookDa01.htm2018,Dalvin Cook,MIN,23,RB,11,10,49,40,81.6,305,7.6,2,27,6.2,3.6,27.7,2,2018
/players/K/KuppCo00.htm2018,Cooper Kupp,LAR,25,WR,8,8,55,40,72.7,566,14.2,6,70,10.3,5.0,70.8,0,2018
/players/W/WatkSa00.htm2018,Sammy Watkins,KAN,25,WR,10,9,55,40,72.7,519,13.0,3,50,9.4,4.0,51.9,1,2018
/players/E/EkelAu00.htm2018,Austin Ekeler,LAC,23,rb,14,3,53,39,73.6,404,10.4,3,44,7.6,2.8,28.9,1,2018
/players/H/HernCh00.htm2018,Chris Herndon,NYJ,22,TE,16,12,56,39,69.6,502,12.9,4,32,9.0,2.4,31.4,2,2018
/players/H/HiggRa00.htm2018,Rashard Higgins,CLE,24,wr,13,1,53,39,73.6,572,14.7,4,40,10.8,3.0,44.0,2,2018
/players/S/SamuCu00.htm2018,Curtis Samuel,CAR,22,WR,13,8,65,39,60.0,494,12.7,5,53,7.6,3.0,38.0,1,2018
/players/B/BookDe00.htm2018,Devontae Booker,DEN,26,,16,0,51,38,74.5,275,7.2,0,30,5.4,2.4,17.2,1,2018
/players/C/CobbRa00.htm2018,Randall Cobb,GNB,28,wr,9,6,61,38,62.3,383,10.1,2,75,6.3,4.2,42.6,2,2018
/players/C/ColeKe00.htm2018,Keelan Cole,JAX,25,WR,16,11,70,38,54.3,491,12.9,1,35,7.0,2.4,30.7,2,2018
/players/E/EnunQu00.htm2018,Quincy Enunwa,NYJ,26,WR,11,10,68,38,55.9,449,11.8,1,42,6.6,3.5,40.8,2,2018
/players/R/RodgJa00.htm2018,Jacquizz Rodgers,TAM,28,,16,0,45,38,84.4,304,8.0,0,24,6.8,2.4,19.0,1,2018
/players/V/ValdMa00.htm2018,Marquez Valdes-Scantling,GNB,24,WR,16,10,73,38,52.1,581,15.3,2,60,8.0,2.4,36.3,0,2018
/players/K/KearJe01.htm2018,Jermaine Kearse,NYJ,28,WR,14,9,76,37,48.7,371,10.0,1,29,4.9,2.6,26.5,0,2018
/players/S/StilKe00.htm2018,Kenny Stills,MIA,26,WR,15,15,64,37,57.8,553,14.9,6,75,8.6,2.5,36.9,1,2018
/players/T/TaylTa00.htm2018,Taywan Taylor,TEN,23,wr,13,5,56,37,66.1,466,12.6,1,55,8.3,2.8,35.8,1,2018
/players/S/SwitRy00.htm2018,Ryan Switzer,PIT,24,wr,16,1,44,36,81.8,253,7.0,1,24,5.8,2.3,15.8,2,2018
/players/T/ThomIa00.htm2018,Ian Thomas,CAR,22,te,16,6,49,36,73.5,333,9.3,2,31,6.8,2.3,20.8,0,2018
/players/A/AlleJa01.htm2018,Javorius Allen,BAL,27,,14,0,43,35,81.4,196,5.6,2,17,4.6,2.5,14.0,1,2018
/players/B/BernGi00.htm2018,Giovani Bernard,CIN,27,rb,12,4,48,35,72.9,218,6.2,0,26,4.5,2.9,18.2,0,2018
/players/G/GranRy01.htm2018,Ryan Grant,IND,28,WR,14,10,52,35,67.3,334,9.5,1,23,6.4,2.5,23.9,0,2018
/players/H/HogaCh00.htm2018,Chris Hogan,NWE,30,wr,16,7,55,35,63.6,532,15.2,3,63,9.7,2.2,33.3,0,2018
/players/J/JoneMa02.htm2018,Marvin Jones,DET,28,WR,9,9,62,35,56.5,508,14.5,5,39,8.2,3.9,56.4,0,2018
/players/L/LindPh00.htm2018,Phillip Lindsay,DEN,24,RB,15,8,47,35,74.5,241,6.9,1,29,5.1,2.3,16.1,0,2018
/players/T/TreaLa00.htm2018,Laquon Treadwell,MIN,23,wr,15,7,53,35,66.0,302,8.6,1,22,5.7,2.3,20.1,0,2018
/players/W/WatsBe00.htm2018,Ben Watson,NOR,38,te,16,4,46,35,76.1,400,11.4,2,32,8.7,2.2,25.0,0,2018
/players/A/AndrMa00.htm2018,Mark Andrews,BAL,22,te,16,3,50,34,68.0,552,16.2,3,74,11.0,2.1,34.5,0,2018
/players/D/DaviMi01.htm2018,Mike Davis,SEA,25,rb,15,2,42,34,81.0,214,6.3,1,18,5.1,2.3,14.3,0,2018
/players/H/HowaO.00.htm2018,O.J. Howard,TAM,24,TE,10,8,48,34,70.8,565,16.6,5,75,11.8,3.4,56.5,0,2018
/players/M/McCoLe01.htm2018,LeSean McCoy,BUF,30,RB,14,13,46,34,73.9,238,7.0,0,24,5.2,2.4,17.0,0,2018
/players/S/SealRi00.htm2018,Ricky Seals-Jones,ARI,23,te,15,5,69,34,49.3,343,10.1,1,40,5.0,2.3,22.9,0,2018
/players/E/EverGe00.htm2018,Gerald Everett,LAR,24,,16,0,50,33,66.0,320,9.7,3,40,6.4,2.1,20.0,0,2018
/players/G/GallMi00.htm2018,Michael Gallup,DAL,22,WR,16,8,68,33,48.5,507,15.4,2,49,7.5,2.1,31.7,0,2018
/players/G/GoedDa00.htm2018,Dallas Goedert,PHI,23,TE,16,8,44,33,75.0,334,10.1,4,32,7.6,2.1,20.9,0,2018
/players/M/MillAn02.htm2018,Anthony Miller,CHI,24,wr,15,4,54,33,61.1,423,12.8,7,55,7.8,2.2,28.2,1,2018
/players/C/ColeTe01.htm2018,Tevin Coleman,ATL,25,RB,16,14,44,32,72.7,276,8.6,5,39,6.3,2.0,17.3,2,2018
/players/C/ConlCh00.htm2018,Chris Conley,KAN,26,WR,16,13,52,32,61.5,334,10.4,5,27,6.4,2.0,20.9,2,2018
/players/D/DorsPh00.htm2018,Phillip Dorsett,NWE,25,wr,16,2,42,32,76.2,290,9.1,3,20,6.9,2.0,18.1,0,2018
/players/F/FullWi01.htm2018,Will Fuller,HOU,24,wr,7,7,45,32,71.1,503,15.7,4,73,11.2,4.6,71.9,0,2018
/players/J/JohnKe06.htm2018,Kerryon Johnson,DET,21,rb/wr,10,7,39,32,82.1,213,6.7,1,24,5.5,3.2,21.3,1,2018
/players/E/ElliBr00.htm2018,Bruce Ellington,2TM,27,,7,3,42,31,73.8,224,7.2,1,23,5.3,4.4,32.0,1,2018
/players/H/HeueJe00.htm2018,Jeff Heuerman,DEN,26,TE,11,10,48,31,64.6,281,9.1,2,36,5.9,2.8,25.5,0,2018
/players/B/BratCa00.htm2018,Cameron Brate,TAM,27,te,16,2,49,30,61.2,289,9.6,6,21,5.9,1.9,18.1,1,2018
/players/H/HamiDa01.htm2018,DaeSean Hamilton,DEN,23,wr,14,5,45,30,66.7,243,8.1,2,24,5.4,2.1,17.4,0,2018
/players/J/JameJe00.htm2018,Jesse James,PIT,24,te,16,7,39,30,76.9,423,14.1,2,51,10.8,1.9,26.4,0,2018
/players/J/JuszKy00.htm2018,Kyle Juszczyk,SFO,27,FB,16,14,41,30,73.2,324,10.8,1,56,7.9,1.9,20.3,2,2018
/players/C/CrowJa00.htm2018,Jamison Crowder,WAS,25,wr,9,7,49,29,59.2,388,13.4,2,79,7.9,3.2,43.1,0,2018
/players/R/ReynJo00.htm2018,Josh Reynolds,LAR,23,WR,16,8,53,29,54.7,402,13.9,5,33,7.6,1.8,25.1,0,2018
/players/V/VannNi00.htm2018,Nick Vannett,SEA,25,TE,15,9,43,29,67.4,269,9.3,3,32,6.3,1.9,17.9,1,2018
/players/C/CoutKe00.htm2018,Keke Coutee,HOU,21,wr,6,2,41,28,68.3,287,10.3,1,40,7.0,4.7,47.8,0,2018
/players/G/GateAn00.htm2018,Antonio Gates,LAC,38,te,16,1,45,28,62.2,333,11.9,2,27,7.4,1.8,20.8,1,2018
/players/H/HarrMa05.htm2018,Maurice Harris,WAS,26,wr,12,7,47,28,59.6,304,10.9,0,42,6.5,2.3,25.3,1,2018
/players/I/InmaDo00.htm2018,Dontrelle Inman,IND,29,wr,9,4,39,28,71.8,304,10.9,3,29,7.8,3.1,33.8,0,2018
/players/S/SmalWe00.htm2018,Wendell Smallwood,PHI,24,rb,16,6,35,28,80.0,230,8.2,2,36,6.6,1.8,14.4,2,2018
/players/S/SmitTr03.htm2018,Tre'Quan Smith,NOR,22,wr,15,7,44,28,63.6,427,15.3,5,62,9.7,1.9,28.5,0,2018
/players/B/BreiMa00.htm2018,Matt Breida,SFO,23,RB,14,13,31,27,87.1,261,9.7,2,26,8.4,1.9,18.6,1,2018
/players/F/FostRo01.htm2018,Robert Foster,BUF,24,wr,13,3,44,27,61.4,541,20.0,3,75,12.3,2.1,41.6,0,2018
/players/J/JarwBl00.htm2018,Blake Jarwin,DAL,24,te,16,4,36,27,75.0,307,11.4,3,39,8.5,1.7,19.2,0,2018
/players/O/OlseGr00.htm2018,Greg Olsen,CAR,33,TE,9,9,38,27,71.1,291,10.8,4,23,7.7,3.0,32.3,0,2018
/players/P/PascZa00.htm2018,Zach Pascal,IND,24,wr,16,4,46,27,58.7,268,9.9,2,28,5.8,1.7,16.8,0,2018
/players/P/PettDa00.htm2018,Dante Pettis,SFO,23,wr,12,7,45,27,60.0,467,17.3,5,75,10.4,2.3,38.9,2,2018
/players/S/SmitIt00.htm2018,Ito Smith,ATL,23,,14,0,32,27,84.4,152,5.6,0,20,4.8,1.9,10.9,1,2018
/players/W/WillJa06.htm2018,Jamaal Williams,GNB,23,RB,16,8,41,27,65.9,210,7.8,0,26,5.1,1.7,13.1,0,2018
/players/D/DoylJa00.htm2018,Jack Doyle,IND,28,te,6,6,33,26,78.8,245,9.4,2,20,7.4,4.3,40.8,1,2018
/players/H/HuntKa00.htm2018,Kareem Hunt,KAN,23,RB,11,11,35,26,74.3,378,14.5,7,67,10.8,2.4,34.4,0,2018
/players/J/JoneAa00.htm2018,Aaron Jones,GNB,24,RB,12,8,35,26,74.3,206,7.9,1,24,5.9,2.2,17.2,1,2018
/players/M/MoorDa03.htm2018,David Moore,SEA,23,wr,16,7,53,26,49.1,445,17.1,5,54,8.4,1.6,27.8,2,2018
/players/S/SamuJa00.htm2018,Jaylen Samuels,PIT,22,rb,14,3,29,26,89.7,199,7.7,3,23,6.9,1.9,14.2,1,2018
/players/S/SharTa00.htm2018,Tajae Sharpe,TEN,24,WR,16,13,47,26,55.3,316,12.2,2,28,6.7,1.6,19.8,0,2018
/players/S/SwaiGe00.htm2018,Geoff Swaim,DAL,25,TE,9,9,32,26,81.3,242,9.3,1,43,7.6,2.9,26.9,0,2018
/players/T/TaylTr02.htm2018,Trent Taylor,SFO,24,,14,0,41,26,63.4,215,8.3,1,23,5.2,1.9,15.4,1,2018
/players/W/WilsAl02.htm2018,Albert Wilson,MIA,26,wr,7,3,35,26,74.3,391,15.0,4,75,11.2,3.7,55.9,0,2018
/players/B/BenjKe00.htm2018,Kelvin Benjamin,2TM,27,,15,10,67,25,37.3,380,15.2,1,40,5.7,1.7,25.3,0,2018
/players/D/DaviVe00.htm2018,Vernon Davis,WAS,34,te/wr,14,8,36,25,69.4,367,14.7,2,53,10.2,1.8,26.2,0,2018
/players/E/ElliRh00.htm2018,Rhett Ellison,NYG,30,TE,14,12,34,25,73.5,272,10.9,1,29,8.0,1.8,19.4,0,2018
/players/M/MillLa01.htm2018,Lamar Miller,HOU,27,RB,14,14,35,25,71.4,163,6.5,1,16,4.7,1.8,11.6,1,2018
/players/M/MontTy01.htm2018,Ty Montgomery,2TM,25,,13,0,40,25,62.5,235,9.4,0,43,5.9,1.9,18.1,2,2018
/players/G/GarcPi00.htm2018,Pierre Garcon,SFO,32,WR,8,8,46,24,52.2,286,11.9,1,25,6.2,3.0,35.8,0,2018
/players/G/GrifRy00.htm2018,Ryan Griffin,HOU,28,TE,14,11,43,24,55.8,305,12.7,0,47,7.1,1.7,21.8,0,2018
/players/H/HigbTy00.htm2018,Tyler Higbee,LAR,25,TE,16,16,34,24,70.6,292,12.2,2,36,8.6,1.5,18.3,1,2018
/players/L/LaCoMa00.htm2018,Matt LaCosse,DEN,26,te,15,5,37,24,64.9,250,10.4,1,44,6.8,1.6,16.7,0,2018
/players/O/O'ShJa00.htm2018,James O'Shaughnessy,JAX,26,TE,14,9,38,24,63.2,214,8.9,0,17,5.6,1.7,15.3,0,2018
/players/P/ParkDe01.htm2018,DeVante Parker,MIA,25,wr,11,7,47,24,51.1,309,12.9,1,46,6.6,2.2,28.1,0,2018
/players/B/BoylNi00.htm2018,Nick Boyle,BAL,25,TE,16,13,37,23,62.2,213,9.3,0,25,5.8,1.4,13.3,0,2018
/players/G/GoodMa00.htm2018,Marquise Goodwin,SFO,28,WR,11,8,43,23,53.5,395,17.2,4,67,9.2,2.1,35.9,1,2018
/players/P/PatrTi00.htm2018,Tim Patrick,DEN,25,wr,16,4,41,23,56.1,315,13.7,1,26,7.7,1.4,19.7,2,2018
/players/W/WillDa05.htm2018,Damien Williams,KAN,26,rb,16,3,24,23,95.8,160,7.0,2,32,6.7,1.4,10.0,1,2018
/players/C/CartDe02.htm2018,DeAndre Carter,2TM,25,,14,4,25,22,88.0,216,9.8,0,50,8.6,1.6,15.4,5,2018
/players/C/ClemCo00.htm2018,Corey Clement,PHI,24,,11,0,25,22,88.0,192,8.7,0,23,7.7,2.0,17.5,4,2018
/players/C/CrooJa00.htm2018,Jason Croom,BUF,24,te,15,3,35,22,62.9,259,11.8,1,26,7.4,1.5,17.3,2,2018
/players/F/FourLe00.htm2018,Leonard Fournette,JAX,23,RB,8,8,26,22,84.6,185,8.4,1,31,7.1,2.8,23.1,0,2018
/players/G/GesiMi00.htm2018,Mike Gesicki,MIA,23,te,16,7,32,22,68.8,202,9.2,0,27,6.3,1.4,12.6,1,2018
/players/M/MurrLa00.htm2018,Latavius Murray,MIN,28,rb,16,6,26,22,84.6,141,6.4,0,16,5.4,1.4,8.8,0,2018
/players/R/RobiDe01.htm2018,Demarcus Robinson,KAN,24,wr,16,5,33,22,66.7,288,13.1,4,89,8.7,1.4,18.0,0,2018
/players/C/ClayCh00.htm2018,Charles Clay,BUF,29,TE/wr,13,12,36,21,58.3,184,8.8,0,21,5.1,1.6,14.2,1,2018
/players/C/CrowIs00.htm2018,Isaiah Crowell,NYJ,25,rb,13,6,28,21,75.0,152,7.2,0,21,5.4,1.6,11.7,0,2018
/players/G/GranJa00.htm2018,Jakeem Grant,MIA,26,wr,10,2,34,21,61.8,268,12.8,2,52,7.9,2.1,26.8,0,2018
/players/I/IngrMa01.htm2018,Mark Ingram,NOR,29,rb,12,6,27,21,77.8,170,8.1,1,28,6.3,1.8,14.2,3,2018
/players/P/PattCo00.htm2018,Cordarrelle Patterson,NWE,27,rb/wr,15,5,28,21,75.0,247,11.8,3,55,8.8,1.4,16.5,1,2018
/players/R/RossJo00.htm2018,John Ross,CIN,24,WR,13,10,58,21,36.2,210,10.0,7,39,3.6,1.6,16.2,0,2018
/players/S/St.BEq00.htm2018,Equanimeous St. Brown,GNB,22,wr,12,7,36,21,58.3,328,15.6,0,54,9.1,1.8,27.3,0,2018
/players/T/ToilLe00.htm2018,Levine Toilolo,DET,27,TE,16,10,24,21,87.5,263,12.5,1,39,11.0,1.3,16.4,0,2018
/players/A/AlliGe01.htm2018,Geronimo Allison,GNB,24,wr,5,4,30,20,66.7,303,15.2,2,64,10.1,4.0,60.6,1,2018
/players/B/BarbPe01.htm2018,Peyton Barber,TAM,24,RB,16,16,29,20,69.0,92,4.6,1,10,3.2,1.3,5.8,1,2018
/players/B/BlueAl00.htm2018,Alfred Blue,HOU,27,rb,16,2,27,20,74.1,154,7.7,0,28,5.7,1.3,9.6,0,2018
/players/C/CarsCh00.htm2018,Chris Carson,SEA,24,RB,14,14,24,20,83.3,163,8.2,0,27,6.8,1.4,11.6,3,2018
/players/C/ChubNi00.htm2018,Nick Chubb,CLE,23,RB,16,9,29,20,69.0,149,7.5,2,24,5.1,1.3,9.3,0,2018
/players/E/EdmoCh00.htm2018,Chase Edmonds,ARI,22,,16,0,23,20,87.0,103,5.2,0,13,4.5,1.3,6.4,1,2018
/players/E/EricAl01.htm2018,Alex Erickson,CIN,26,wr,16,6,29,20,69.0,167,8.4,0,28,5.8,1.3,10.4,1,2018
/players/H/HowaJo00.htm2018,Jordan Howard,CHI,24,RB,16,15,26,20,76.9,145,7.3,0,18,5.6,1.3,9.1,2,2018
/players/H/HurnAl01.htm2018,Allen Hurns,DAL,27,wr,16,7,35,20,57.1,295,14.8,2,49,8.4,1.3,18.4,1,2018
/players/M/MattJo00.htm2018,Jordan Matthews,PHI,26,wr,14,3,28,20,71.4,300,15.0,2,56,10.7,1.4,21.4,0,2018
/players/P/PeteAd01.htm2018,Adrian Peterson,WAS,33,RB,16,16,26,20,76.9,208,10.4,1,52,8.0,1.3,13.0,3,2018
/players/R/RichPa01.htm2018,Paul Richardson,WAS,26,wr,7,4,35,20,57.1,262,13.1,2,46,7.5,2.9,37.4,0,2018
/players/S/SmitJo01.htm2018,Jonnu Smith,TEN,23,TE,13,12,30,20,66.7,258,12.9,3,61,8.6,1.5,19.8,1,2018
/players/T/ThomJo05.htm2018,Jordan Thomas,HOU,22,TE,16,10,27,20,74.1,215,10.8,4,39,8.0,1.3,13.4,0,2018
/players/W/WareSp00.htm2018,Spencer Ware,KAN,27,rb,13,2,23,20,87.0,224,11.2,0,31,9.7,1.5,17.2,0,2018
/players/B/BryaMa00.htm2018,Martavis Bryant,OAK,27,wr,8,2,27,19,70.4,266,14.0,0,47,9.9,2.4,33.3,1,2018
/players/F/FirkAn00.htm2018,Anthony Firkser,TEN,23,,12,0,20,19,95.0,225,11.8,1,28,11.3,1.6,18.8,0,2018
/players/G/GreeVi00.htm2018,Virgil Green,LAC,30,TE,16,16,27,19,70.4,210,11.1,1,26,7.8,1.2,13.1,0,2018
/players/J/JoneT.00.htm2018,T.J. Jones,DET,26,wr,15,3,26,19,73.1,190,10.0,2,26,7.3,1.3,12.7,0,2018
/players/K/KendLa00.htm2018,Lance Kendricks,GNB,30,te,16,3,25,19,76.0,170,8.9,1,22,6.8,1.2,10.6,0,2018
/players/M/McGuEl00.htm2018,Elijah McGuire,NYJ,24,rb,8,3,31,19,61.3,193,10.2,1,20,6.2,2.4,24.1,2,2018
/players/M/MoorCh00.htm2018,Chris Moore,BAL,25,,16,0,25,19,76.0,196,10.3,1,30,7.8,1.2,12.3,0,2018
/players/S/SherTr00.htm2018,Trent Sherfield,ARI,22,wr,13,2,28,19,67.9,210,11.1,1,21,7.5,1.5,16.2,0,2018
/players/M/MartDo00.htm2018,Doug Martin,OAK,29,RB,16,9,24,18,75.0,116,6.4,0,23,4.8,1.1,7.3,3,2018
/players/M/McKeIs00.htm2018,Isaiah McKenzie,2TM,23,,8,1,30,18,60.0,179,9.9,0,23,6.0,2.3,22.4,2,2018
/players/A/AkinJo00.htm2018,Jordan Akins,HOU,26,te,16,6,25,17,68.0,225,13.2,0,28,9.0,1.1,14.1,0,2018
/players/C/CannTr00.htm2018,Trenton Cannon,NYJ,24,,16,0,25,17,68.0,144,8.5,0,35,5.8,1.1,9.0,0,2018
/players/G/GinnTe00.htm2018,Ted Ginn,NOR,33,wr,5,3,30,17,56.7,209,12.3,2,42,7.0,3.4,41.8,1,2018
/players/M/MackMa00.htm2018,Marlon Mack,IND,22,RB,12,10,26,17,65.4,103,6.1,1,29,4.0,1.4,8.6,2,2018
/players/R/RobiAl00.htm2018,Aldrick Robinson,MIN,30,,14,0,35,17,48.6,231,13.6,5,40,6.6,1.2,16.5,0,2018
/players/S/SmitTo02.htm2018,Torrey Smith,CAR,29,wr,11,6,31,17,54.8,190,11.2,2,35,6.1,1.5,17.3,0,2018
/players/T/ThomDe04.htm2018,Deonte Thompson,2TM,29,,13,6,30,17,56.7,161,9.5,0,15,5.4,1.3,12.4,0,2018
/players/W/WillCh05.htm2018,Chad Williams,ARI,24,wr,10,7,46,17,37.0,171,10.1,1,22,3.7,1.7,17.1,0,2018
/players/B/BibbKa00.htm2018,Kapri Bibbs,2TM,25,,12,0,23,16,69.6,115,7.2,1,23,5.0,1.3,9.6,1,2018
/players/F/FowlBe00.htm2018,Bennie Fowler,NYG,27,wr,10,5,27,16,59.3,199,12.4,1,26,7.4,1.6,19.9,1,2018
/players/H/HillJo02.htm2018,Josh Hill,NOR,28,TE,16,11,24,16,66.7,185,11.6,1,23,7.7,1.0,11.6,0,2018
/players/P/PerrBr02.htm2018,Breshad Perriman,CLE,25,wr,10,2,25,16,64.0,340,21.3,2,66,13.6,1.6,34.0,0,2018
/players/P/PryoTe00.htm2018,Terrelle Pryor,2TM,29,,8,1,30,16,53.3,252,15.8,2,44,8.4,2.0,31.5,0,2018
/players/W/WashJa00.htm2018,James Washington,PIT,22,wr,14,6,38,16,42.1,217,13.6,1,47,5.7,1.1,15.5,0,2018
/players/W/WilkJo01.htm2018,Jordan Wilkins,IND,24,rb,16,3,17,16,94.1,85,5.3,0,17,5.0,1.0,5.3,2,2018
/players/W/WillMa04.htm2018,Maxx Williams,BAL,24,te,13,6,17,16,94.1,143,8.9,1,25,8.4,1.2,11.0,0,2018
/players/A/AtemMa00.htm2018,Marcell Ateman,OAK,24,wr,7,6,31,15,48.4,154,10.3,1,32,5.0,2.1,22.0,0,2018
/players/C/CollAl00.htm2018,Alex Collins,BAL,24,RB,10,10,21,15,71.4,105,7.0,1,24,5.0,1.5,10.5,3,2018
/players/E/EifeTy00.htm2018,Tyler Eifert,CIN,28,te,4,2,19,15,78.9,179,11.9,1,29,9.4,3.8,44.8,0,2018
/players/H/HenrDe00.htm2018,Derrick Henry,TEN,24,RB,16,12,18,15,83.3,99,6.6,0,21,5.5,0.9,6.2,1,2018
/players/J/JackJu01.htm2018,Justin Jackson,LAC,23,rb,13,1,19,15,78.9,135,9.0,0,19,7.1,1.2,10.4,0,2018
/players/L/LyncMa00.htm2018,Marshawn Lynch,OAK,32,rb,6,6,20,15,75.0,84,5.6,0,17,4.2,2.5,14.0,0,2018
/players/S/SproDa00.htm2018,Darren Sproles,PHI,35,rb,6,2,23,15,65.2,160,10.7,2,37,7.0,2.5,26.7,0,2018
/players/S/StocLu00.htm2018,Luke Stocker,TEN,30,TE,16,11,21,15,71.4,165,11.0,2,31,7.9,0.9,10.3,0,2018
/players/B/BellJo02.htm2018,Josh Bellamy,CHI,29,wr,16,2,25,14,56.0,117,8.4,1,20,4.7,0.9,7.3,0,2018
/players/B/BrowJa03.htm2018,Jaron Brown,SEA,28,wr,16,2,19,14,73.7,166,11.9,5,45,8.7,0.9,10.4,0,2018
/players/B/BurkRe00.htm2018,Rex Burkhead,NWE,28,rb/wr,8,4,20,14,70.0,131,9.4,1,25,6.6,1.8,16.4,2,2018
/players/C/CharDJ00.htm2018,DJ Chark,JAX,22,,11,0,32,14,43.8,174,12.4,0,38,5.4,1.3,15.8,1,2018
/players/F/FreeRo00.htm2018,Royce Freeman,DEN,22,RB,14,8,20,14,70.0,72,5.1,0,9,3.6,1.0,5.1,1,2018
/players/G/GallWa00.htm2018,Wayne Gallman,NYG,24,rb,15,2,22,14,63.6,89,6.4,0,21,4.0,0.9,5.9,2,2018
/players/H/HardJu00.htm2018,Justin Hardy,ATL,27,,16,0,22,14,63.6,133,9.5,2,19,6.0,0.9,8.3,1,2018
/players/L/LeggJo00.htm2018,Jordan Leggett,NYJ,23,te,15,4,24,14,58.3,114,8.1,1,16,4.8,0.9,7.6,0,2018
/players/C/CoreCo00.htm2018,Cody Core,CIN,24,wr,14,3,28,13,46.4,160,12.3,1,30,5.7,0.9,11.4,0,2018
/players/H/HolmAn00.htm2018,Andre Holmes,2TM,30,,15,3,24,13,54.2,162,12.5,0,24,6.8,0.9,10.8,0,2018
/players/H/HursHa00.htm2018,Hayden Hurst,BAL,25,,12,0,23,13,56.5,163,12.5,1,32,7.1,1.1,13.6,0,2018
/players/I/IvorCh00.htm2018,Chris Ivory,BUF,30,rb,13,1,21,13,61.9,205,15.8,0,55,9.8,1.0,15.8,1,2018
/players/K/KirkKe00.htm2018,Keith Kirkwood,NOR,25,wr,8,1,21,13,61.9,209,16.1,2,42,10.0,1.6,26.1,0,2018
/players/R/RatlDa00.htm2018,Damion Ratley,CLE,23,wr,13,3,20,13,65.0,144,11.1,0,27,7.2,1.0,11.1,0,2018
/players/W/WillLu00.htm2018,Luke Willson,DET,28,TE,14,8,19,13,68.4,87,6.7,0,13,4.6,0.9,6.2,0,2018
/players/A/ArnoDa00.htm2018,Dan Arnold,NOR,23,te,10,1,19,12,63.2,150,12.5,1,25,7.9,1.2,15.0,1,2018
/players/B/BenjTr00.htm2018,Travis Benjamin,LAC,29,wr,12,3,24,12,50.0,186,15.5,1,46,7.8,1.0,15.5,0,2018
/players/D/DeveJa00.htm2018,James Develin,NWE,30,fb/rb/te,16,8,17,12,70.6,61,5.1,0,11,3.6,0.8,3.8,0,2018
/players/D/DickEd00.htm2018,Ed Dickson,SEA,31,te,10,1,13,12,92.3,143,11.9,3,42,11.0,1.2,14.3,0,2018
/players/G/GoreFr00.htm2018,Frank Gore,MIA,35,RB,14,14,16,12,75.0,124,10.3,1,24,7.8,0.9,8.9,1,2018
/players/H/HarrDe03.htm2018,Demetrius Harris,KAN,27,te,15,3,25,12,48.0,164,13.7,3,35,6.6,0.8,10.9,0,2018
/players/L/LaFeBr00.htm2018,Brandon LaFell,OAK,32,wr,6,5,16,12,75.0,135,11.3,2,24,8.4,2.0,22.5,0,2018
/players/R/RogeEl00.htm2018,Eli Rogers,PIT,26,wr,3,3,14,12,85.7,79,6.6,0,17,5.6,4.0,26.3,1,2018
/players/S/SchuDa00.htm2018,Dalton Schultz,DAL,22,te,11,7,17,12,70.6,116,9.7,0,17,6.8,1.1,10.5,0,2018
/players/T/ThomLo00.htm2018,Logan Thomas,BUF,27,te,12,3,17,12,70.6,77,6.4,0,24,4.5,1.0,6.4,0,2018
/players/W/WilsJe01.htm2018,Jeff Wilson,SFO,23,rb,6,2,15,12,80.0,98,8.2,0,24,6.5,2.0,16.3,3,2018
/players/F/FellDa01.htm2018,Darren Fells,CLE,32,TE,16,11,12,11,91.7,117,10.6,3,49,9.8,0.7,7.3,0,2018
/players/H/HamxC.00.htm2018,C.J. Ham,MIN,25,rb/te,15,2,15,11,73.3,85,7.7,0,17,5.7,0.7,5.7,0,2018
/players/J/JennDa00.htm2018,Darius Jennings,TEN,26,,16,0,15,11,73.3,101,9.2,0,36,6.7,0.7,6.3,0,2018
/players/J/JoneAn01.htm2018,Andy Jones,DET,24,wr,8,3,24,11,45.8,80,7.3,1,15,3.3,1.4,10.0,0,2018
/players/L/LatiCo00.htm2018,Cody Latimer,NYG,26,wr,6,2,16,11,68.8,190,17.3,1,39,11.9,1.8,31.7,0,2018
/players/M/MarsBr00.htm2018,Brandon Marshall,SEA,34,wr,7,2,23,11,47.8,136,12.4,1,27,5.9,1.6,19.4,0,2018
/players/M/MurpMa03.htm2018,Marcus Murphy,BUF,27,rb,11,1,19,11,57.9,26,2.4,0,8,1.4,1.0,2.4,1,2018
/players/P/PoweBi00.htm2018,Bilal Powell,NYJ,30,rb,7,7,18,11,61.1,110,10.0,1,28,6.1,1.6,15.7,2,2018
/players/P/PoweBr00.htm2018,Brandon Powell,DET,22,wr,6,1,17,11,64.7,129,11.7,0,41,7.6,1.8,21.5,0,2018
/players/S/SefeAu00.htm2018,Austin Seferian-Jenkins,JAX,26,te,5,5,19,11,57.9,90,8.2,1,21,4.7,2.2,18.0,0,2018
/players/B/BlouLe00.htm2018,LeGarrette Blount,DET,32,RB,16,8,15,10,66.7,67,6.7,0,23,4.5,0.6,4.2,2,2018
/players/B/BurnDe00.htm2018,Deontay Burnett,NYJ,21,wr,5,1,15,10,66.7,143,14.3,0,29,9.5,2.0,28.6,0,2018
/players/F/FloyMi00.htm2018,Michael Floyd,WAS,29,wr,13,3,24,10,41.7,100,10.0,1,20,4.2,0.8,7.7,0,2018
/players/H/HallMa02.htm2018,Marvin Hall,ATL,25,,16,0,19,10,52.6,149,14.9,1,47,7.8,0.6,9.3,0,2018
/players/H/HydeCa00.htm2018,Carlos Hyde,2TM,28,,14,7,16,10,62.5,33,3.3,0,9,2.1,0.7,2.4,2,2018
/players/P/PaulNi00.htm2018,Niles Paul,JAX,29,te,6,1,13,10,76.9,98,9.8,0,22,7.5,1.7,16.3,0,2018
/players/R/RobeAn00.htm2018,Andre Roberts,NYJ,30,wr,16,1,17,10,58.8,79,7.9,1,20,4.6,0.6,4.9,3,2018
/players/S/ShepRu00.htm2018,Russell Shepard,NYG,28,,12,0,19,10,52.6,188,18.8,2,49,9.9,0.8,15.7,0,2018
/players/S/SmitLe00.htm2018,Lee Smith,OAK,31,te,16,4,11,10,90.9,73,7.3,3,30,6.6,0.6,4.6,0,2018
/players/B/BallKa00.htm2018,Kalen Ballage,MIA,23,,12,0,11,9,81.8,56,6.2,0,31,5.1,0.8,4.7,1,2018
/players/C/CarrAu00.htm2018,Austin Carr,NOR,25,wr,14,2,14,9,64.3,97,10.8,2,25,6.9,0.6,6.9,0,2018
/players/G/GranCo00.htm2018,Corey Grant,JAX,27,rb,5,1,12,9,75.0,67,7.4,0,16,5.6,1.8,13.4,0,2018
/players/G/GresJe00.htm2018,Jermaine Gresham,ARI,30,TE,13,11,12,9,75.0,94,10.4,0,26,7.8,0.7,7.2,1,2018
/players/H/HillDo00.htm2018,Dontrell Hilliard,CLE,23,,11,0,10,9,90.0,105,11.7,0,24,10.5,0.8,9.5,0,2018
/players/J/JameRi00.htm2018,Richie James,SFO,23,wr,13,2,14,9,64.3,130,14.4,1,53,9.3,0.7,10.0,2,2018
/players/M/MereCa00.htm2018,Cameron Meredith,NOR,26,wr,6,1,10,9,90.0,114,12.7,1,46,11.4,1.5,19.0,1,2018
/players/P/PaulLo00.htm2018,Logan Paulsen,ATL,31,TE,15,10,9,9,100.0,91,10.1,1,19,10.1,0.6,6.1,0,2018
/players/P/PennRa00.htm2018,Rashaad Penny,SEA,22,,14,0,12,9,75.0,75,8.3,0,24,6.3,0.6,5.4,0,2018
/players/P/PruiMy00.htm2018,MyCole Pruitt,TEN,26,te,15,1,11,9,81.8,102,11.3,1,27,9.3,0.6,6.8,0,2018
/players/Q/QuinTr00.htm2018,Trey Quinn,WAS,23,wr,3,2,10,9,90.0,75,8.3,1,15,7.5,3.0,25.0,0,2018
/players/R/RobeMi01.htm2018,Michael Roberts,DET,24,te,8,2,20,9,45.0,100,11.1,3,29,5.0,1.1,12.5,0,2018
/players/S/SimoSc00.htm2018,Scott Simonson,NYG,26,te,16,4,14,9,64.3,86,9.6,1,24,6.1,0.6,5.4,0,2018
/players/S/SmitRo06.htm2018,Rod Smith,DAL,26,rb,16,1,12,9,75.0,60,6.7,0,14,5.0,0.6,3.8,0,2018
/players/A/AustTa00.htm2018,Tavon Austin,DAL,28,,7,0,13,8,61.5,140,17.5,2,64,10.8,1.1,20.0,0,2018
/players/B/BatsCa00.htm2018,Cameron Batson,TEN,23,wr,11,2,11,8,72.7,82,10.3,0,26,7.5,0.7,7.5,1,2018
/players/B/BellBl00.htm2018,Blake Bell,JAX,27,te,10,4,11,8,72.7,67,8.4,0,16,6.1,0.8,6.7,0,2018
/players/B/ButtJa00.htm2018,Jake Butt,DEN,23,te,3,3,13,8,61.5,85,10.6,0,22,6.5,2.7,28.3,0,2018
/players/D/DissWi00.htm2018,Will Dissly,SEA,22,te,4,4,14,8,57.1,156,19.5,2,66,11.1,2.0,39.0,0,2018
/players/J/JanoAn00.htm2018,Andy Janovich,DEN,25,fb,16,7,10,8,80.0,112,14.0,1,32,11.2,0.5,7.0,0,2018
/players/K/KumeJa00.htm2018,Jake Kumerow,GNB,26,wr,5,2,11,8,72.7,103,12.9,1,49,9.4,1.6,20.6,0,2018
/players/M/MizzTa00.htm2018,Taquan Mizzell,CHI,25,wr,9,1,10,8,80.0,78,9.8,1,26,7.8,0.9,8.7,0,2018
/players/M/MorrAl00.htm2018,Alfred Morris,SFO,30,rb,12,1,13,8,61.5,73,9.1,0,16,5.6,0.7,6.1,2,2018
/players/O/OLeaNi00.htm2018,Nick O'Leary,MIA,26,te,12,7,10,8,80.0,86,10.8,1,19,8.6,0.7,7.2,0,2018
/players/P/PennEl00.htm2018,Elijhaa Penny,NYG,25,rb,14,3,9,8,88.9,50,6.3,0,16,5.6,0.6,3.6,0,2018
/players/S/SherAn00.htm2018,Anthony Sherman,KAN,30,fb,16,1,9,8,88.9,96,12.0,1,36,10.7,0.5,6.0,0,2018
/players/S/SwooEr00.htm2018,Erik Swoope,IND,26,te,7,2,10,8,80.0,87,10.9,3,26,8.7,1.1,12.4,0,2018
/players/T/TomlEr01.htm2018,Eric Tomlinson,NYJ,26,TE,15,12,14,8,57.1,72,9.0,0,24,5.1,0.5,4.8,0,2018
/players/A/AdamJo03.htm2018,Josh Adams,PHI,22,rb,14,5,13,7,53.8,58,8.3,0,13,4.5,0.5,4.1,1,2018
/players/A/AlieMo00.htm2018,Mo Alie-Cox,IND,25,te,9,1,13,7,53.8,133,19.0,2,34,10.2,0.8,14.8,0,2018
/players/A/AuclAn00.htm2018,Antony Auclair,TAM,25,TE,16,10,8,7,87.5,48,6.9,0,12,6.0,0.4,3.0,0,2018
/players/C/CarrDe00.htm2018,Derek Carrier,OAK,28,te,16,2,12,7,58.3,67,9.6,1,23,5.6,0.4,4.2,0,2018
/players/J/JoneRo01.htm2018,Ronald Jones,TAM,21,,9,0,9,7,77.8,33,4.7,0,15,3.7,0.8,3.7,0,2018
/players/L/LogaT.00.htm2018,T.J. Logan,ARI,24,,10,0,7,7,100.0,37,5.3,0,17,5.3,0.7,3.7,0,2018
/players/M/MichSo00.htm2018,Sony Michel,NWE,23,RB,13,8,11,7,63.6,50,7.1,0,13,4.5,0.5,3.8,1,2018
/players/N/NelsJJ00.htm2018,JJ Nelson,ARI,26,wr,14,2,19,7,36.8,64,9.1,0,17,3.4,0.5,4.6,0,2018
/players/Z/ZennZa00.htm2018,Zach Zenner,DET,27,rb,8,1,10,7,70.0,56,8.0,0,30,5.6,0.9,7.0,0,2018
/players/A/AikeKa00.htm2018,Kamar Aiken,PHI,29,wr,5,1,7,6,85.7,53,8.8,0,18,7.6,1.2,10.6,0,2018
/players/B/BohaTo00.htm2018,Tommy Bohanon,JAX,28,fb,16,6,9,6,66.7,41,6.8,0,12,4.6,0.4,2.6,0,2018
/players/B/ButlBr00.htm2018,Brice Butler,2TM,28,,8,1,10,6,60.0,60,10.0,1,23,6.0,0.8,7.5,0,2018
/players/D/DixoKe00.htm2018,Kenneth Dixon,BAL,24,,6,0,7,6,85.7,51,8.5,0,21,7.3,1.0,8.5,2,2018
/players/G/GageRu00.htm2018,Russell Gage,ATL,22,,15,0,10,6,60.0,63,10.5,0,22,6.3,0.4,4.2,0,2018
/players/G/GreeRa00.htm2018,Rashad Greene,JAX,26,wr,8,1,8,6,75.0,60,10.0,0,12,7.5,0.8,7.5,2,2018
/players/G/GrimXa00.htm2018,Xavier Grimble,PIT,26,te,16,2,8,6,75.0,86,14.3,0,23,10.8,0.4,5.4,1,2018
/players/G/GrinDa00.htm2018,David Grinnage,JAX,24,te,4,2,8,6,75.0,61,10.2,0,24,7.6,1.5,15.3,0,2018
/players/H/HarrDw00.htm2018,Dwayne Harris,OAK,31,wr,15,1,6,6,100.0,40,6.7,0,13,6.7,0.4,2.7,2,2018
/players/J/JohnMa07.htm2018,Marcus Johnson,IND,24,,5,0,8,6,75.0,102,17.0,1,34,12.8,1.2,20.4,0,2018
/players/M/MostRa00.htm2018,Raheem Mostert,SFO,26,,9,0,7,6,85.7,25,4.2,0,23,3.6,0.7,2.8,1,2018
/players/S/SmytDu00.htm2018,Durham Smythe,MIA,23,te,15,2,11,6,54.5,50,8.3,0,21,4.5,0.4,3.3,0,2018
/players/S/SterNe00.htm2018,Neal Sterling,NYJ,26,te,5,4,8,6,75.0,47,7.8,0,12,5.9,1.2,9.4,0,2018
/players/W/WallDa01.htm2018,Darren Waller,OAK,26,,4,0,6,6,100.0,75,12.5,0,44,12.5,1.5,18.8,0,2018
/players/A/AjayJa00.htm2018,Jay Ajayi,PHI,25,rb,4,3,6,5,83.3,20,4.0,0,12,3.3,1.3,5.0,1,2018
/players/A/AndeC.00.htm2018,C.J. Anderson,2TM,27,,11,3,9,5,55.6,41,8.2,1,24,4.6,0.5,3.7,0,2018
/players/B/BrowMa03.htm2018,Malcolm Brown,LAR,25,,12,0,7,5,71.4,52,10.4,1,18,7.4,0.4,4.3,0,2018
/players/B/BrowNo00.htm2018,Noah Brown,DAL,22,wr,8,2,8,5,62.5,54,10.8,0,22,6.8,0.6,6.8,0,2018
/players/C/CeleGa00.htm2018,Garrett Celek,SFO,30,te,15,1,8,5,62.5,90,18.0,2,41,11.3,0.3,6.0,0,2018
/players/C/ColeCo00.htm2018,Corey Coleman,NYG,24,wr,8,1,8,5,62.5,71,14.2,0,30,8.9,0.6,8.9,0,2018
/players/C/ConkTy00.htm2018,Tyler Conklin,MIN,23,te,16,3,7,5,71.4,77,15.4,0,33,11.0,0.3,4.8,0,2018
/players/D/DevaSe00.htm2018,Seth Devalve,CLE,25,te,13,4,7,5,71.4,74,14.8,1,26,10.6,0.4,5.7,0,2018
/players/F/FreeDe00.htm2018,Devonta Freeman,ATL,26,rb,2,2,7,5,71.4,23,4.6,0,14,3.3,2.5,11.5,0,2018
/players/L/LineZa01.htm2018,Zach Line,NOR,28,fb,16,6,10,5,50.0,14,2.8,2,5,1.4,0.3,0.9,0,2018
/players/M/MattRi00.htm2018,Rishard Matthews,2TM,29,,8,0,9,5,55.6,24,4.8,0,7,2.7,0.6,3.0,0,2018
/players/M/McClRa00.htm2018,Ray-Ray McCloud,BUF,22,fb,10,1,6,5,83.3,36,7.2,0,16,6.0,0.5,3.6,2,2018
/players/M/MorgDa01.htm2018,David Morgan,MIN,25,te,11,6,6,5,83.3,36,7.2,0,13,6.0,0.5,3.3,0,2018
/players/P/ParkBr00.htm2018,Brian Parker,DEN,26,te,13,1,10,5,50.0,33,6.6,0,11,3.3,0.4,2.5,0,2018
/players/P/PerkJo02.htm2018,Joshua Perkins,PHI,25,te,9,1,11,5,45.5,67,13.4,0,30,6.1,0.6,7.4,0,2018
/players/S/SaubEr00.htm2018,Eric Saubert,ATL,24,te,16,1,9,5,55.6,48,9.6,0,17,5.3,0.3,3.0,0,2018
/players/S/ShahAd00.htm2018,Adam Shaheen,CHI,24,te,6,4,6,5,83.3,48,9.6,1,23,8.0,0.8,8.0,0,2018
/players/S/SmitKe03.htm2018,Keith Smith,OAK,26,fb,16,3,6,5,83.3,23,4.6,0,8,3.8,0.3,1.4,0,2018
/players/S/SmitVy00.htm2018,Vyncint Smith,HOU,22,wr,7,1,10,5,50.0,91,18.2,1,35,9.1,0.7,13.0,0,2018
/players/S/SpriJe00.htm2018,Jeremy Sprinkle,WAS,24,te/wr,16,9,9,5,55.6,41,8.2,1,15,4.6,0.3,2.6,0,2018
/players/W/WaltMa00.htm2018,Mark Walton,CIN,21,,14,0,8,5,62.5,41,8.2,0,24,5.1,0.4,2.9,0,2018
/players/B/BeebCh00.htm2018,Chad Beebe,MIN,24,,3,0,4,4,100.0,39,9.8,0,18,9.8,1.3,13.0,0,2018
/players/B/BellNi01.htm2018,Nick Bellore,DET,29,fb,14,4,4,4,100.0,15,3.8,0,8,3.8,0.3,1.1,0,2018
/players/D/DaviJa07.htm2018,Jawill Davis,NYG,23,,7,0,8,4,50.0,40,10.0,0,22,5.0,0.6,5.7,0,2018
/players/H/HollJa03.htm2018,Jacob Hollister,NWE,25,wr,8,1,5,4,80.0,52,13.0,0,23,10.4,0.5,6.5,0,2018
/players/K/KrofTy00.htm2018,Tyler Kroft,CIN,26,te,5,2,6,4,66.7,36,9.0,0,16,6.0,0.8,7.2,0,2018
/players/M/MarsBy01.htm2018,Byron Marshall,WAS,24,,6,0,6,4,66.7,30,7.5,0,17,5.0,0.7,5.0,0,2018
/players/N/NixxRo01.htm2018,Roosevelt Nix,PIT,26,,16,0,6,4,66.7,38,9.5,0,19,6.3,0.3,2.4,0,2018
/players/T/TateAu00.htm2018,Auden Tate,CIN,21,,7,0,12,4,33.3,35,8.8,0,15,2.9,0.6,5.0,0,2018
/players/T/TonyRo00.htm2018,Robert Tonyan,GNB,24,te,16,1,6,4,66.7,77,19.3,1,54,12.8,0.3,4.8,0,2018
/players/W/WalkHu00.htm2018,Delanie Walker,TEN,34,te,1,1,7,4,57.1,52,13.0,0,16,7.4,4.0,52.0,0,2018
/players/W/WhitKe00.htm2018,Kevin White,CHI,26,,9,0,8,4,50.0,92,23.0,0,54,11.5,0.4,10.2,0,2018
/players/W/WilsJe00.htm2018,Jesus Wilson,TAM,23,,5,0,5,4,80.0,52,13.0,0,25,10.4,0.8,10.4,0,2018
/players/W/WimsJa00.htm2018,Javon Wims,CHI,24,,4,0,5,4,80.0,32,8.0,0,16,6.4,1.0,8.0,0,2018
/players/A/AbduAm00.htm2018,Ameer Abdullah,2TM,25,,10,0,4,3,75.0,28,9.3,0,12,7.0,0.3,2.8,1,2018
/players/A/AlleDw00.htm2018,Dwayne Allen,NWE,28,te/wr,13,8,4,3,75.0,27,9.0,0,21,6.8,0.2,2.1,0,2018
/players/A/ArtiCa00.htm2018,Cameron Artis-Payne,CAR,28,,9,0,4,3,75.0,15,5.0,0,13,3.8,0.3,1.7,0,2018
/players/B/BoldBr00.htm2018,Brandon Bolden,MIA,28,,16,0,3,3,100.0,13,4.3,1,9,4.3,0.2,0.8,1,2018
/players/B/BrauBe00.htm2018,Ben Braunecker,CHI,24,te,15,2,5,3,60.0,42,14.0,0,20,8.4,0.2,2.8,0,2018
/players/C/CharOr00.htm2018,Orson Charles,CLE,27,te,13,2,5,3,60.0,23,7.7,0,9,4.6,0.2,1.8,0,2018
/players/D/DerbA.00.htm2018,A.J. Derby,MIA,27,,4,0,5,3,60.0,48,16.0,1,19,9.6,0.8,12.0,0,2018
/players/D/DiMaPa00.htm2018,Patrick DiMarco,BUF,29,fb,16,5,4,3,75.0,62,20.7,0,38,15.5,0.2,3.9,0,2018
/players/E/ErviTy00.htm2018,Tyler Ervin,HOU,25,,9,0,3,3,100.0,35,11.7,0,19,11.7,0.3,3.9,1,2018
/players/F/FordKe00.htm2018,Keith Ford,BUF,24,rb,2,1,5,3,60.0,21,7.0,0,8,4.2,1.5,10.5,0,2018
/players/G/GathRi00.htm2018,Rico Gathers,DAL,24,te,15,4,7,3,42.9,45,15.0,0,32,6.4,0.2,3.0,0,2018
/players/H/HillTa00.htm2018,Taysom Hill,NOR,28,te/wr,16,4,7,3,42.9,4,1.3,0,5,0.6,0.2,0.3,1,2018
/players/H/HuntJu00.htm2018,Justin Hunter,PIT,27,,5,0,13,3,23.1,21,7.0,0,12,1.6,0.6,4.2,0,2018
/players/L/LengMa00.htm2018,Matt Lengel,CIN,28,te,11,2,8,3,37.5,17,5.7,1,9,2.1,0.3,1.5,0,2018
/players/L/LewiMa00.htm2018,Marcedes Lewis,GNB,34,te,16,4,4,3,75.0,39,13.0,0,30,9.8,0.2,2.4,0,2018
/players/L/LewiTo00.htm2018,Tommylee Lewis,NOR,26,wr,7,3,3,3,100.0,60,20.0,1,28,20.0,0.4,8.6,1,2018
/players/O/OrtiRi00.htm2018,Ricky Ortiz,ATL,24,FB,12,9,4,3,75.0,11,3.7,0,7,2.8,0.3,0.9,0,2018
/players/P/PeriSa00.htm2018,Samaje Perine,WAS,23,,5,0,4,3,75.0,5,1.7,0,8,1.3,0.6,1.0,0,2018
/players/P/PhilJo00.htm2018,John Phillips,ARI,31,te,8,4,3,3,100.0,38,12.7,0,24,12.7,0.4,4.8,0,2018
/players/P/ProsC.00.htm2018,C.J. Prosise,SEA,24,,5,0,3,3,100.0,22,7.3,0,8,7.3,0.6,4.4,0,2018
/players/Q/QuicBr00.htm2018,Brian Quick,WAS,29,wr,6,3,3,3,100.0,18,6.0,0,6,6.0,0.5,3.0,0,2018
/players/R/RidlSt00.htm2018,Stevan Ridley,PIT,29,,10,0,4,3,75.0,18,6.0,0,10,4.5,0.3,1.8,2,2018
/players/T/ThomDe05.htm2018,De'Anthony Thomas,KAN,25,,5,0,5,3,60.0,29,9.7,1,15,5.8,0.6,5.8,1,2018
/players/T/TollJa00.htm2018,Jalen Tolliver,ARI,23,wr,3,1,6,3,50.0,37,12.3,0,15,6.2,1.0,12.3,0,2018
/players/W/WillDa10.htm2018,Darrel Williams,KAN,23,,6,0,3,3,100.0,27,9.0,1,11,9.0,0.5,4.5,0,2018
/players/W/WillDe06.htm2018,Derrick Willies,CLE,24,,5,0,5,3,60.0,61,20.3,0,39,12.2,0.6,12.2,1,2018
/players/W/WilsSh01.htm2018,Shaun Wilson,TAM,23,,5,0,5,3,60.0,5,1.7,0,5,1.0,0.6,1.0,0,2018
/players/B/BoonMi00.htm2018,Mike Boone,MIN,23,,8,0,3,2,66.7,1,0.5,0,1,0.3,0.3,0.1,0,2018
/players/C/CarrLe00.htm2018,Leonte Carroo,MIA,24,,9,0,4,2,50.0,94,47.0,1,74,23.5,0.2,10.4,0,2018
/players/C/CharJa00.htm2018,Jamaal Charles,JAX,32,,2,0,3,2,66.7,7,3.5,0,5,2.3,1.0,3.5,0,2018
/players/C/ColeDe00.htm2018,Derrick Coleman,ARI,28,fb,16,4,3,2,66.7,17,8.5,0,12,5.7,0.1,1.1,0,2018
/players/C/CrosAl00.htm2018,Alan Cross,TAM,25,te,14,3,5,2,40.0,9,4.5,0,6,1.8,0.1,0.6,0,2018
/players/D/DwelRo00.htm2018,Ross Dwelley,SFO,23,,11,0,2,2,100.0,14,7.0,0,8,7.0,0.2,1.3,0,2018
/players/E/EdwaGu00.htm2018,Gus Edwards,BAL,23,rb,11,6,2,2,100.0,20,10.0,0,13,10.0,0.2,1.8,0,2018
/players/F/ForeDO00.htm2018,D'Onta Foreman,HOU,22,,1,0,2,2,100.0,28,14.0,1,20,14.0,2.0,28.0,1,2018
/players/F/FranJo03.htm2018,Jordan Franks,CIN,22,,6,0,3,2,66.7,37,18.5,0,32,12.3,0.3,6.2,0,2018
/players/H/HodgKh00.htm2018,KhaDarel Hodge,LAR,23,,14,0,3,2,66.7,17,8.5,0,14,5.7,0.1,1.2,0,2018
/players/K/KellJo00.htm2018,John Kelly,LAR,22,,4,0,3,2,66.7,27,13.5,0,18,9.0,0.5,6.8,0,2018
/players/K/KerlJe00.htm2018,Jeremy Kerley,BUF,30,wr,1,1,4,2,50.0,7,3.5,0,4,1.8,2.0,7.0,0,2018
/players/M/MaddTr01.htm2018,Tre Madden,SEA,25,fb,14,3,3,2,66.7,35,17.5,0,28,11.7,0.1,2.5,0,2018
/players/M/ManhCh00.htm2018,Chris Manhertz,CAR,26,te,16,4,5,2,40.0,52,26.0,1,50,10.4,0.1,3.3,0,2018
/players/M/MoorJM00.htm2018,J'Mon Moore,GNB,23,,12,0,3,2,66.7,15,7.5,0,10,5.0,0.2,1.3,1,2018
/players/N/NewsDe00.htm2018,Detrez Newsome,LAC,24,,9,0,2,2,100.0,19,9.5,0,11,9.5,0.2,2.1,0,2018
/players/O/OlawJa00.htm2018,Jamize Olawale,DAL,29,fb/rb/wr,16,4,4,2,50.0,13,6.5,0,10,3.3,0.1,0.8,0,2018
/players/P/PeakCh00.htm2018,Charone Peake,NYJ,26,,13,0,3,2,66.7,25,12.5,0,14,8.3,0.2,1.9,0,2018
/players/S/SimsDi00.htm2018,Dion Sims,CHI,27,te,8,4,4,2,50.0,9,4.5,0,9,2.3,0.3,1.1,0,2018
/players/T/ThomRo05.htm2018,Roc Thomas,MIN,23,,5,0,4,2,50.0,21,10.5,0,15,5.3,0.4,4.2,0,2018
/players/T/TurnDe01.htm2018,De'Lance Turner,BAL,23,,4,0,2,2,100.0,17,8.5,0,10,8.5,0.5,4.3,0,2018
/players/T/TurnMa00.htm2018,Malik Turner,SEA,22,,6,0,3,2,66.7,20,10.0,0,19,6.7,0.3,3.3,0,2018
/players/V/VallHa00.htm2018,Hakeem Valles,DET,26,,3,0,3,2,66.7,11,5.5,0,6,3.7,0.7,3.7,0,2018
/players/W/WebbJo00.htm2018,Joe Webb,HOU,32,,16,0,3,2,66.7,13,6.5,0,7,4.3,0.1,0.8,0,2018
/players/W/WestCh01.htm2018,Charcandrick West,KAN,27,,3,0,3,2,66.7,37,18.5,1,25,12.3,0.7,12.3,0,2018
/players/W/WillNi02.htm2018,Nick Williams,2TM,28,,4,0,5,2,40.0,17,8.5,0,11,3.4,0.5,4.3,0,2018
/players/W/WillTe01.htm2018,Terrance Williams,DAL,29,wr,3,2,3,2,66.7,18,9.0,0,12,6.0,0.7,6.0,0,2018
/players/A/ArmaAl00.htm2018,Alex Armah,CAR,24,fb/wr,16,2,1,1,100.0,5,5.0,0,5,5.0,0.1,0.3,0,2018
/players/B/BarnKe00.htm2018,Kenjon Barner,2TM,28,,9,0,1,1,100.0,3,3.0,0,3,3.0,0.1,0.3,1,2018
/players/B/BoldVi00.htm2018,Victor Bolden,2TM,23,,6,0,4,1,25.0,10,10.0,0,10,2.5,0.2,1.7,0,2018
/players/B/BradTo00.htm2018,Tom Brady,NWE,41,QB,16,16,1,1,100.0,6,6.0,0,6,6.0,0.1,0.4,4,2018
/players/B/BreeDr00.htm2018,Drew Brees,NOR,39,QB,15,15,1,1,100.0,1,1.0,0,1,1.0,0.1,0.1,5,2018
/players/B/BurtMi00.htm2018,Michael Burton,CHI,26,fb,8,1,1,1,100.0,6,6.0,0,6,6.0,0.1,0.8,0,2018
/players/B/ByrdDa00.htm2018,Damiere Byrd,CAR,25,,8,0,2,1,50.0,8,8.0,0,8,4.0,0.1,1.0,0,2018
/players/C/CadeTr00.htm2018,Travaris Cadet,CAR,29,,1,0,1,1,100.0,5,5.0,0,5,5.0,1.0,5.0,0,2018
/players/C/CarrDe02.htm2018,Derek Carr,OAK,27,QB,16,16,1,1,100.0,-9,-9.0,0,-9,-9.0,0.1,-0.6,12,2018
/players/C/ChesJe00.htm2018,Jehu Chesson,WAS,25,,12,0,2,1,50.0,7,7.0,0,7,3.5,0.1,0.6,0,2018
/players/C/CoatSa00.htm2018,Sammie Coates,HOU,25,,12,0,2,1,50.0,12,12.0,0,12,6.0,0.1,1.0,0,2018
/players/C/CousKi00.htm2018,Kirk Cousins,MIN,30,QB,16,16,1,1,100.0,-1,-1.0,0,-1,-1.0,0.1,-0.1,9,2018
/players/C/CracRi00.htm2018,River Cracraft,DEN,24,,8,0,2,1,50.0,44,44.0,0,44,22.0,0.1,5.5,1,2018
/players/C/CruiDa00.htm2018,Dane Cruikshank,TEN,23,,12,0,1,1,100.0,66,66.0,1,66,66.0,0.1,5.5,0,2018
/players/C/CulkSe00.htm2018,Sean Culkin,LAC,25,TE,13,10,1,1,100.0,24,24.0,0,24,24.0,0.1,1.8,0,2018
/players/C/CunnBe01.htm2018,Benny Cunningham,CHI,28,,15,0,2,1,50.0,9,9.0,0,9,4.5,0.1,0.6,0,2018
/players/D/DaniCh00.htm2018,Chase Daniel,CHI,32,qb,5,2,1,1,100.0,8,8.0,0,8,8.0,0.2,1.6,4,2018
/players/D/DawkDi00.htm2018,Dion Dawkins,BUF,24,T,16,16,1,1,100.0,7,7.0,1,7,7.0,0.1,0.4,0,2018
/players/D/DeckTa00.htm2018,Taylor Decker,DET,25,T,16,16,1,1,100.0,11,11.0,1,11,11.0,0.1,0.7,0,2018
/players/D/DietGe00.htm2018,Gehrig Dieter,KAN,25,,4,0,3,1,33.3,22,22.0,0,22,7.3,0.3,5.5,0,2018
/players/F/FantGe00.htm2018,George Fant,SEA,26,t/te,16,7,1,1,100.0,9,9.0,0,9,9.0,0.1,0.6,0,2018
/players/F/FlanMa00.htm2018,Matt Flanagan,WAS,23,wr,3,1,1,1,100.0,14,14.0,0,14,14.0,0.3,4.7,0,2018
/players/F/FoleNi00.htm2018,Nick Foles,PHI,29,qb,5,5,1,1,100.0,10,10.0,0,15,10.0,0.2,2.0,4,2018
/players/G/GibsSh00.htm2018,Shelton Gibson,PHI,23,,15,0,3,1,33.3,48,48.0,0,48,16.0,0.1,3.2,0,2018
/players/G/GillMi00.htm2018,Mike Gillislee,NOR,28,,4,0,1,1,100.0,9,9.0,0,9,9.0,0.3,2.3,1,2018
/players/H/HardJu01.htm2018,Justin Hardee,NOR,24,,16,0,1,1,100.0,10,10.0,0,10,10.0,0.1,0.6,0,2018
/players/H/HatcKe00.htm2018,Keon Hatcher,OAK,24,,3,0,2,1,50.0,8,8.0,0,8,4.0,0.3,2.7,0,2018
/players/H/HewiRy00.htm2018,Ryan Hewitt,IND,27,te/wr,12,2,2,1,50.0,1,1.0,1,1,0.5,0.1,0.1,0,2018
/players/H/HeywDa00.htm2018,Darrius Heyward-Bey,PIT,31,wr,14,2,2,1,50.0,9,9.0,0,9,4.5,0.1,0.6,0,2018
/players/H/HillBr02.htm2018,Brian Hill,ATL,23,,10,0,2,1,50.0,9,9.0,0,9,4.5,0.1,0.9,1,2018
/players/H/HillJe01.htm2018,Jeremy Hill,NWE,26,,1,0,1,1,100.0,6,6.0,0,6,6.0,1.0,6.0,0,2018
/players/J/JoneJJ00.htm2018,JJ Jones,2TM,26,,4,0,1,1,100.0,3,3.0,0,3,3.0,0.3,0.8,2,2018
/players/K/KellRy00.htm2018,Ryan Kelly,IND,25,C,12,12,1,1,100.0,-4,-4.0,0,-4,-4.0,0.1,-0.3,1,2018
/players/K/KempMa00.htm2018,Marcus Kemp,KAN,23,,16,0,2,1,50.0,7,7.0,0,7,3.5,0.1,0.4,0,2018
/players/K/KidsDa00.htm2018,Darvin Kidsy,WAS,23,,2,0,2,1,50.0,8,8.0,0,8,4.0,0.5,4.0,0,2018
/players/L/LazaAl00.htm2018,Allen Lazard,GNB,23,,1,0,1,1,100.0,7,7.0,0,7,7.0,1.0,7.0,0,2018
/players/L/LeexKh00.htm2018,Khari Lee,BUF,26,,2,0,1,1,100.0,5,5.0,0,5,5.0,0.5,2.5,0,2018
/players/L/LuckAn00.htm2018,Andrew Luck,IND,29,QB,16,16,2,1,50.0,4,4.0,0,4,2.0,0.1,0.3,6,2018
/players/M/MaloJo00.htm2018,Josh Malone,CIN,22,,9,0,5,1,20.0,12,12.0,0,12,2.4,0.1,1.3,0,2018
/players/M/MariMa01.htm2018,Marcus Mariota,TEN,25,QB,14,13,1,1,100.0,21,21.0,0,21,21.0,0.1,1.5,9,2018
/players/M/MundJo00.htm2018,Johnny Mundt,LAR,24,,10,0,1,1,100.0,5,5.0,0,5,5.0,0.1,0.5,0,2018
/players/P/PhilCa01.htm2018,Cam Phillips,BUF,23,,2,0,1,1,100.0,9,9.0,0,9,9.0,0.5,4.5,0,2018
/players/P/PullSp00.htm2018,Spencer Pulley,NYG,25,C,13,9,1,1,100.0,-2,-2.0,0,-2,-2.0,0.1,-0.2,0,2018
/players/R/RodgRi00.htm2018,Richard Rodgers,PHI,26,,7,0,1,1,100.0,7,7.0,0,7,7.0,0.1,1.0,0,2018
/players/R/RoetBe00.htm2018,Ben Roethlisberger,PIT,36,QB,16,16,1,1,100.0,-1,-1.0,0,-1,-1.0,0.1,-0.1,7,2018
/players/R/RyanMa00.htm2018,Matt Ryan,ATL,33,QB,16,16,1,1,100.0,5,5.0,1,5,5.0,0.1,0.3,10,2018
/players/S/SchaMa00.htm2018,Matt Schaub,ATL,37,,3,0,1,1,100.0,-7,-7.0,0,-7,-7.0,0.3,-2.3,1,2018
/players/S/ShieSa00.htm2018,Sam Shields,LAR,31,cb/rcb,16,2,1,1,100.0,12,12.0,0,12,12.0,0.1,0.8,0,2018
/players/S/SoweBr00.htm2018,Bradley Sowell,CHI,29,fb,16,1,2,1,50.0,2,2.0,1,2,1.0,0.1,0.1,0,2018
/players/S/StalJo20.htm2018,Joe Staley,SFO,34,T,16,16,1,1,100.0,-5,-5.0,0,-5,-5.0,0.1,-0.3,0,2018
/players/S/SwooTy00.htm2018,Tyrone Swoopes,SEA,24,te,1,1,1,1,100.0,23,23.0,0,23,23.0,1.0,23.0,0,2018
/players/T/TannRy00.htm2018,Ryan Tannehill,MIA,30,QB,11,11,1,1,100.0,3,3.0,1,3,3.0,0.1,0.3,5,2018
/players/T/TurbRo00.htm2018,Robert Turbin,IND,29,,2,0,2,1,50.0,3,3.0,0,3,1.5,0.5,1.5,1,2018
/players/V/VillAl00.htm2018,Alejandro Villanueva,PIT,30,T,16,16,1,1,100.0,2,2.0,1,2,2.0,0.1,0.1,0,2018
/players/V/VitaDa00.htm2018,Danny Vitale,GNB,25,,5,0,2,1,50.0,2,2.0,0,2,1.0,0.2,0.4,0,2018
/players/W/WashDe00.htm2018,DeAndre Washington,OAK,25,,10,0,1,1,100.0,9,9.0,0,9,9.0,0.1,0.9,1,2018
/players/W/WatsJu01.htm2018,Justin Watson,TAM,23,,12,0,3,1,33.3,5,5.0,0,5,1.7,0.1,0.4,0,2018
/players/W/WattDe00.htm2018,Derek Watt,LAC,26,fb,16,5,1,1,100.0,2,2.0,0,2,2.0,0.1,0.1,0,2018
/players/W/WentCa00.htm2018,Carson Wentz,PHI,26,QB,11,11,1,1,100.0,4,4.0,0,4,4.0,0.1,0.4,9,2018
/players/W/WhitTi00.htm2018,Tim White,BAL,24,,3,0,1,1,100.0,14,14.0,0,14,14.0,0.3,4.7,1,2018
/players/W/WillJo07.htm2018,Jonathan Williams,NOR,24,,3,0,1,1,100.0,1,1.0,0,1,1.0,0.3,0.3,0,2018
/players/W/WillKy20.htm2018,Kyle Williams,BUF,35,dt/LDT/rdt,16,16,1,1,100.0,9,9.0,0,9,9.0,0.1,0.6,0,2018
/players/W/WilsRu00.htm2018,Russell Wilson,SEA,30,QB,16,16,1,1,100.0,-11,-11.0,0,-11,-11.0,0.1,-0.7,10,2018
/players/Z/ZylsBr00.htm2018,Brandon Zylstra,MIN,25,,16,0,2,1,50.0,23,23.0,0,23,11.5,0.1,1.4,0,2018
