player_url,name,team,age,position,games_played,games_started,punt_returns,punt_return_yards,punt_return_td,lng_punt_return,yards_per_punt_return,kick_returns,kick_return_yards,kick_return_td,lng_kick_return,yards_per_kick_return,all_purpose_yards,year
/players/L/LockTy00.htm2017,Tyler Lockett,SEA,25,WR,16,8,36.0,237.0,0.0,27.0,6.6,37.0,949.0,1.0,99.0,25.6,1799,2017
/players/E/EricAl01.htm2017,Alex Erickson,CIN,25,,16,0,39.0,278.0,0.0,29.0,7.1,32.0,663.0,0.0,41.0,20.7,1137,2017
/players/C/CoopPh00.htm2017,Pharoh Cooper,LAR,22,wr,16,1,32.0,399.0,0.0,53.0,12.5,34.0,932.0,1.0,103.0,27.4,1421,2017
/players/R/RobeAn00.htm2017,Andre Roberts,ATL,29,,16,0,27.0,201.0,0.0,27.0,7.4,38.0,860.0,0.0,61.0,22.6,1073,2017
/players/J/JackAd00.htm2017,Adoree' Jackson,TEN,22,CB,16,16,34.0,290.0,0.0,46.0,8.5,25.0,578.0,0.0,57.0,23.1,923,2017
/players/C/CoheTa00.htm2017,Tarik Cohen,CHI,22,rb/wr,16,4,29.0,272.0,1.0,61.0,9.4,26.0,583.0,0.0,46.0,22.4,1578,2017
/players/D/DaviTr03.htm2017,Trevor Davis,GNB,24,,16,0,24.0,289.0,0.0,65.0,12.0,31.0,707.0,0.0,34.0,22.8,1079,2017
/players/S/SwitRy00.htm2017,Ryan Switzer,DAL,23,,16,0,29.0,256.0,1.0,83.0,8.8,24.0,600.0,0.0,61.0,25.0,902,2017
/players/S/SherMa20.htm2017,Marcus Sherels,MIN,30,,16,0,39.0,372.0,0.0,46.0,9.5,11.0,271.0,0.0,32.0,24.6,643,2017
/players/T/TateBr00.htm2017,Brandon Tate,BUF,30,wr,13,1,20.0,193.0,0.0,40.0,9.7,28.0,548.0,0.0,29.0,19.6,822,2017
/players/G/GranJa00.htm2017,Jakeem Grant,MIA,25,,16,0,25.0,190.0,0.0,27.0,7.6,21.0,479.0,0.0,31.0,22.8,871,2017
/players/P/PeppJa00.htm2017,Jabrill Peppers,CLE,22,S,13,13,30.0,180.0,0.0,25.0,6.0,14.0,318.0,0.0,35.0,22.7,498,2017
/players/A/AgneJa00.htm2017,Jamal Agnew,DET,22,,13,0,29.0,447.0,2.0,88.0,15.4,11.0,196.0,0.0,25.0,17.8,670,2017
/players/B/BarnKe00.htm2017,Kenjon Barner,PHI,27,rb,13,1,27.0,240.0,0.0,76.0,8.9,10.0,194.0,0.0,27.0,19.4,547,2017
/players/W/WillKe05.htm2017,Kerwynn Williams,ARI,26,rb,16,6,21.0,137.0,0.0,20.0,6.5,16.0,326.0,0.0,28.0,20.4,982,2017
/players/B/BrayQu00.htm2017,Quan Bray,IND,24,,9,0,17.0,90.0,0.0,20.0,5.3,18.0,430.0,0.0,60.0,23.9,559,2017
/players/R/RichJa01.htm2017,Jalen Richard,OAK,24,rb,16,1,26.0,155.0,0.0,19.0,6.0,8.0,90.0,0.0,17.0,11.3,776,2017
/players/C/CampMi02.htm2017,Michael Campanaro,BAL,26,,13,0,27.0,291.0,1.0,77.0,10.8,6.0,159.0,0.0,40.0,26.5,665,2017
/players/N/NatsJo00.htm2017,Jojo Natson,NYJ,23,,7,0,16.0,38.0,0.0,17.0,2.4,16.0,325.0,0.0,32.0,20.3,396,2017
/players/R/RaymKa00.htm2017,Kalif Raymond,2TM,23,,8,0,18.0,99.0,0.0,25.0,5.5,14.0,271.0,0.0,40.0,19.4,381,2017
/players/T/TaylTr02.htm2017,Trent Taylor,SFO,23,wr,15,1,30.0,281.0,0.0,39.0,9.4,1.0,8.0,0.0,8.0,8.0,719,2017
/players/M/MickJa01.htm2017,Jaydon Mickens,JAX,23,,10,0,27.0,287.0,1.0,72.0,10.6,2.0,20.0,0.0,20.0,10.0,384,2017
/players/A/AmenDa00.htm2017,Danny Amendola,NWE,32,WR,15,8,27.0,231.0,0.0,40.0,8.6,1.0,16.0,0.0,16.0,16.0,906,2017
/players/B/BenjTr00.htm2017,Travis Benjamin,LAC,28,wr,16,3,27.0,257.0,1.0,65.0,9.5,0.0,0.0,0.0,0.0,0.0,920,2017
/players/C/CrowJa00.htm2017,Jamison Crowder,WAS,24,wr,15,6,27.0,171.0,0.0,29.0,6.3,0.0,0.0,0.0,0.0,0.0,994,2017
/players/L/LewiTo00.htm2017,Tommylee Lewis,NOR,25,,15,0,14.0,115.0,0.0,24.0,8.2,13.0,307.0,0.0,39.0,23.6,552,2017
/players/H/HillTy00.htm2017,Tyreek Hill,KAN,23,WR,15,13,25.0,204.0,1.0,82.0,8.2,0.0,0.0,0.0,0.0,0.0,1446,2017
/players/H/HuntAk01.htm2017,Akeem Hunt,KAN,24,,15,0,0.0,0.0,0.0,0.0,0.0,25.0,611.0,0.0,42.0,24.4,665,2017
/players/M/McCaCh01.htm2017,Christian McCaffrey,CAR,21,RB,16,10,22.0,162.0,0.0,25.0,7.4,3.0,58.0,0.0,21.0,19.3,1306,2017
/players/R/ReedBe01.htm2017,Bernard Reedy,2TM,26,,11,0,18.0,175.0,0.0,44.0,9.7,7.0,145.0,0.0,50.0,20.7,358,2017
/players/G/GinnTe00.htm2017,Ted Ginn,NOR,32,WR,15,10,19.0,103.0,0.0,17.0,5.4,5.0,56.0,0.0,17.0,11.2,985,2017
/players/M/McKeIs00.htm2017,Isaiah McKenzie,DEN,22,,11,0,21.0,183.0,0.0,44.0,8.7,3.0,50.0,0.0,21.0,16.7,266,2017
/players/B/BoldVi00.htm2017,Victor Bolden,SFO,22,,9,0,4.0,23.0,0.0,16.0,5.8,19.0,396.0,0.0,34.0,20.8,419,2017
/players/L/LewiDi00.htm2017,Dion Lewis,NWE,27,RB,16,8,0.0,0.0,0.0,0.0,0.0,23.0,570.0,1.0,103.0,24.8,1680,2017
/players/T/ThomCh05.htm2017,Chris Thompson,HOU,23,,13,0,6.0,39.0,0.0,15.0,6.5,17.0,369.0,0.0,42.0,21.7,492,2017
/players/C/ClayKa00.htm2017,Kaelin Clay,2TM,25,,13,2,19.0,149.0,1.0,60.0,7.8,3.0,52.0,0.0,19.0,17.3,313,2017
/players/T/ThomDe05.htm2017,De'Anthony Thomas,KAN,24,wr,16,2,8.0,16.0,0.0,8.0,2.0,13.0,305.0,0.0,39.0,23.5,468,2017
/players/G/GranCo00.htm2017,Corey Grant,JAX,26,,16,0,0.0,6.0,0.0,6.0,0.0,19.0,473.0,0.0,68.0,24.9,768,2017
/players/P/PattCo00.htm2017,Cordarrelle Patterson,OAK,26,wr,16,2,0.0,0.0,0.0,0.0,0.0,19.0,538.0,0.0,49.0,28.3,968,2017
/players/R/RogeEl00.htm2017,Eli Rogers,PIT,25,wr,14,4,19.0,146.0,0.0,27.0,7.7,0.0,0.0,0.0,0.0,0.0,295,2017
/players/D/DayeMa00.htm2017,Matthew Dayes,CLE,23,,16,0,0.0,0.0,0.0,0.0,0.0,18.0,437.0,0.0,71.0,24.3,479,2017
/players/K/KingDe01.htm2017,Desmond King,LAC,23,cb/db,16,4,1.0,2.0,0.0,2.0,2.0,17.0,353.0,0.0,44.0,20.8,445,2017
/players/H/HarrDw00.htm2017,Dwayne Harris,NYG,30,ldt,5,1,7.0,48.0,0.0,17.0,6.9,9.0,188.0,0.0,30.0,20.9,236,2017
/players/K/KerlJe00.htm2017,Jeremy Kerley,NYJ,29,wr,8,2,16.0,85.0,0.0,15.0,5.3,0.0,0.0,0.0,0.0,0.0,302,2017
/players/B/BookDe00.htm2017,Devontae Booker,DEN,25,,13,0,0.0,0.0,0.0,0.0,0.0,14.0,276.0,0.0,28.0,19.7,850,2017
/players/A/AustTa00.htm2017,Tavon Austin,LAR,27,WR,16,9,12.0,53.0,0.0,12.0,4.4,1.0,13.0,0.0,13.0,13.0,383,2017
/players/E/ErviTy00.htm2017,Tyler Ervin,HOU,24,,4,0,8.0,60.0,0.0,21.0,7.5,5.0,93.0,0.0,24.0,18.6,203,2017
/players/M/MoorCh00.htm2017,Chris Moore,BAL,24,wr,13,4,0.0,0.0,0.0,0.0,0.0,13.0,346.0,0.0,87.0,26.6,585,2017
/players/P/PetePa00.htm2017,Patrick Peterson,ARI,27,LCB,16,16,13.0,88.0,0.0,19.0,6.8,0.0,0.0,0.0,0.0,0.0,157,2017
/players/R/RainBo00.htm2017,Bobby Rainey,BAL,30,,4,0,2.0,22.0,0.0,13.0,11.0,11.0,338.0,1.0,96.0,30.7,380,2017
/players/L/LandJa00.htm2017,Jarvis Landry,MIA,25,WR,16,16,12.0,81.0,0.0,16.0,6.8,0.0,-5.0,0.0,-5.0,0.0,1056,2017
/players/M/McKiJe00.htm2017,Jerick McKinnon,MIN,25,rb,16,1,0.0,0.0,0.0,0.0,0.0,12.0,312.0,0.0,39.0,26.0,1303,2017
/players/B/BrowAn04.htm2017,Antonio Brown,PIT,29,WR,14,14,11.0,61.0,0.0,16.0,5.5,0.0,0.0,0.0,0.0,0.0,1594,2017
/players/G/GoldBr00.htm2017,Brittan Golden,ARI,29,,13,0,7.0,63.0,0.0,15.0,9.0,4.0,81.0,0.0,26.0,20.3,214,2017
/players/J/JoneT.00.htm2017,T.J. Jones,DET,25,wr,14,6,6.0,47.0,0.0,17.0,7.8,5.0,105.0,0.0,35.0,21.0,551,2017
/players/K/KamaAl00.htm2017,Alvin Kamara,NOR,22,fb/rb,16,3,0.0,0.0,0.0,0.0,0.0,11.0,347.0,1.0,106.0,31.5,1901,2017
/players/R/RodgJa00.htm2017,Jacquizz Rodgers,TAM,27,rb,16,4,0.0,0.0,0.0,0.0,0.0,11.0,255.0,0.0,45.0,23.2,573,2017
/players/R/RogeCh02.htm2017,Chester Rogers,IND,23,wr,11,4,10.0,80.0,0.0,30.0,8.0,1.0,5.0,0.0,5.0,5.0,377,2017
/players/T/TaylJo01.htm2017,Jordan Taylor,DEN,25,wr,10,2,11.0,103.0,0.0,24.0,9.4,0.0,0.0,0.0,0.0,0.0,245,2017
/players/T/ThomDe04.htm2017,Deonte Thompson,2TM,28,,16,10,0.0,0.0,0.0,0.0,0.0,11.0,229.0,0.0,29.0,20.8,779,2017
/players/B/BreeBa00.htm2017,Bashaud Breeland,WAS,25,CB,15,15,0.0,0.0,0.0,0.0,0.0,10.0,208.0,0.0,35.0,20.8,304,2017
/players/P/PerrSe00.htm2017,Senorise Perry,MIA,26,,16,0,0.0,0.0,0.0,0.0,0.0,10.0,202.0,0.0,37.0,20.2,237,2017
/players/S/SamuCu00.htm2017,Curtis Samuel,CAR,21,rb/wr,9,4,0.0,0.0,0.0,0.0,0.0,10.0,221.0,0.0,33.0,22.1,400,2017
/players/B/BryaMa00.htm2017,Martavis Bryant,PIT,26,WR,15,8,0.0,0.0,0.0,0.0,0.0,9.0,151.0,0.0,38.0,16.8,776,2017
/players/F/FullWi01.htm2017,Will Fuller,HOU,23,WR,10,10,9.0,135.0,0.0,49.0,15.0,0.0,0.0,0.0,0.0,0.0,567,2017
/players/S/SharHu01.htm2017,Hunter Sharp,2TM,23,,3,1,8.0,74.0,0.0,16.0,9.3,1.0,19.0,0.0,19.0,19.0,147,2017
/players/S/SmitJu00.htm2017,JuJu Smith-Schuster,PIT,21,wr,14,7,0.0,0.0,0.0,0.0,0.0,9.0,240.0,1.0,96.0,26.7,1157,2017
/players/S/StewAr00.htm2017,ArDarius Stewart,NYJ,24,wr,15,2,0.0,0.0,0.0,0.0,0.0,9.0,173.0,0.0,32.0,19.2,282,2017
/players/V/VereSh00.htm2017,Shane Vereen,NYG,28,,16,0,0.0,0.0,0.0,0.0,0.0,9.0,196.0,0.0,30.0,21.8,613,2017
/players/A/AbduAm00.htm2017,Ameer Abdullah,DET,24,RB,14,11,0.0,0.0,0.0,0.0,0.0,8.0,179.0,0.0,29.0,22.4,893,2017
/players/B/ByrdDa00.htm2017,Damiere Byrd,CAR,24,wr,8,3,1.0,9.0,0.0,9.0,9.0,7.0,229.0,1.0,103.0,32.7,355,2017
/players/F/FostD.01.htm2017,D.J. Foster,ARI,24,,7,0,0.0,0.0,0.0,0.0,0.0,8.0,184.0,0.0,55.0,23.0,336,2017
/players/L/LatiCo00.htm2017,Cody Latimer,DEN,25,wr,11,1,0.0,0.0,0.0,0.0,0.0,8.0,190.0,0.0,36.0,23.8,477,2017
/players/T/ThomCh03.htm2017,Chris Thompson,WAS,27,rb,10,1,0.0,0.0,0.0,0.0,0.0,8.0,165.0,0.0,29.0,20.6,967,2017
/players/C/CunnBe01.htm2017,Benny Cunningham,CHI,27,,14,0,0.0,0.0,0.0,0.0,0.0,7.0,147.0,0.0,28.0,21.0,416,2017
/players/D/DrakKe00.htm2017,Kenyan Drake,MIA,23,rb,16,6,0.0,0.0,0.0,0.0,0.0,7.0,147.0,0.0,34.0,21.0,1030,2017
/players/L/LangBr00.htm2017,Brendan Langley,DEN,23,,11,0,1.0,6.0,0.0,6.0,6.0,6.0,183.0,0.0,61.0,30.5,189,2017
/players/W/WatsTe00.htm2017,Terrell Watson,PIT,24,,10,0,0.0,0.0,0.0,0.0,0.0,7.0,140.0,0.0,25.0,20.0,148,2017
/players/H/HumpAd00.htm2017,Adam Humphries,TAM,24,wr,16,3,6.0,49.0,0.0,19.0,8.2,0.0,0.0,0.0,0.0,0.0,686,2017
/players/J/JonePa20.htm2017,Adam Jones,CIN,34,RCB,9,9,6.0,131.0,0.0,40.0,21.8,0.0,0.0,0.0,0.0,0.0,131,2017
/players/T/TousFi00.htm2017,Fitzgerald Toussaint,PIT,27,,6,0,0.0,0.0,0.0,0.0,0.0,6.0,94.0,0.0,23.0,15.7,128,2017
/players/W/WhitFo00.htm2017,Fozzy Whittaker,CAR,28,,12,0,0.0,0.0,0.0,0.0,0.0,6.0,110.0,0.0,31.0,18.3,175,2017
/players/B/BreiMa00.htm2017,Matt Breida,SFO,22,,16,0,0.0,0.0,0.0,0.0,0.0,5.0,83.0,0.0,28.0,16.6,728,2017
/players/E/EkelAu00.htm2017,Austin Ekeler,LAC,22,,16,0,0.0,0.0,0.0,0.0,0.0,5.0,85.0,0.0,22.0,17.0,624,2017
/players/E/ElliBr00.htm2017,Bruce Ellington,HOU,26,wr,11,6,5.0,47.0,0.0,21.0,9.4,0.0,0.0,0.0,0.0,0.0,398,2017
/players/F/FergJo02.htm2017,Josh Ferguson,IND,24,,10,0,0.0,0.0,0.0,0.0,0.0,5.0,86.0,0.0,20.0,17.2,107,2017
/players/L/LeexMa00.htm2017,Marqise Lee,JAX,26,WR,14,14,5.0,13.0,0.0,7.0,2.6,0.0,0.0,0.0,0.0,0.0,732,2017
/players/M/McGuEl00.htm2017,Elijah McGuire,NYJ,23,rb,16,2,1.0,10.0,0.0,10.0,10.0,4.0,83.0,0.0,24.0,20.8,585,2017
/players/M/MostRa00.htm2017,Raheem Mostert,SFO,25,,11,0,0.0,0.0,0.0,0.0,0.0,5.0,83.0,0.0,21.0,16.6,113,2017
/players/T/TregBr00.htm2017,Bryce Treggs,CLE,23,wr,6,1,5.0,24.0,0.0,11.0,4.8,0.0,0.0,0.0,0.0,0.0,109,2017
/players/W/WashDe00.htm2017,DeAndre Washington,OAK,24,,15,0,0.0,0.0,0.0,0.0,0.0,5.0,86.0,0.0,26.0,17.2,436,2017
/players/E/EagaEd00.htm2017,Ed Eagan,NYG,24,,4,0,4.0,20.0,0.0,20.0,5.0,0.0,0.0,0.0,0.0,0.0,20,2017
/players/M/MarsBy01.htm2017,Byron Marshall,WAS,23,,4,0,0.0,0.0,0.0,0.0,0.0,4.0,89.0,0.0,29.0,22.3,157,2017
/players/S/SmalWe00.htm2017,Wendell Smallwood,PHI,23,rb,8,3,0.0,0.0,0.0,0.0,0.0,4.0,93.0,0.0,28.0,23.3,370,2017
/players/T/TateGo00.htm2017,Golden Tate,DET,29,WR,16,12,2.0,23.0,0.0,13.0,11.5,2.0,0.0,0.0,1.0,0.0,1048,2017
/players/T/TodmJo00.htm2017,Jordan Todman,HOU,27,,14,0,0.0,0.0,0.0,0.0,0.0,4.0,84.0,0.0,25.0,21.0,84,2017
/players/W/WeemEr00.htm2017,Eric Weems,TEN,32,,16,0,2.0,15.0,0.0,13.0,7.5,2.0,18.0,0.0,18.0,9.0,38,2017
/players/W/WhitDe01.htm2017,DeAndrew White,HOU,26,wr,2,1,4.0,3.0,0.0,3.0,0.8,0.0,0.0,0.0,0.0,0.0,27,2017
/players/C/CarrDe00.htm2017,Derek Carrier,LAR,27,te/wr,14,3,0.0,0.0,0.0,0.0,0.0,3.0,41.0,0.0,14.0,13.7,112,2017
/players/C/ChesJe00.htm2017,Jehu Chesson,KAN,24,wr,12,1,0.0,0.0,0.0,0.0,0.0,3.0,65.0,0.0,26.0,21.7,83,2017
/players/E/EdmuTr00.htm2017,Trey Edmunds,NOR,23,,16,0,0.0,0.0,0.0,0.0,0.0,3.0,65.0,0.0,27.0,21.7,113,2017
/players/H/HarrMa05.htm2017,Maurice Harris,WAS,25,,6,0,0.0,0.0,0.0,0.0,0.0,3.0,71.0,0.0,34.0,23.7,133,2017
/players/J/JaniJe00.htm2017,Jeff Janis,GNB,26,,16,0,0.0,0.0,0.0,0.0,0.0,3.0,43.0,0.0,17.0,14.3,55,2017
/players/J/JohnDu00.htm2017,Duke Johnson,CLE,24,,16,0,3.0,17.0,0.0,12.0,5.7,0.0,0.0,0.0,0.0,0.0,1058,2017
/players/M/MackMa00.htm2017,Marlon Mack,IND,21,,14,0,0.0,0.0,0.0,0.0,0.0,3.0,69.0,0.0,34.0,23.0,652,2017
/players/M/MillBr03.htm2017,Braxton Miller,HOU,25,wr,11,3,3.0,12.0,0.0,8.0,4.0,0.0,0.0,0.0,0.0,0.0,175,2017
/players/P/PaulNi00.htm2017,Niles Paul,WAS,28,te/wr,14,8,0.0,0.0,0.0,0.0,0.0,3.0,47.0,0.0,24.0,15.7,145,2017
/players/S/ShepRu00.htm2017,Russell Shepard,CAR,27,wr,15,3,0.0,0.0,0.0,0.0,0.0,3.0,65.0,0.0,33.0,21.7,286,2017
/players/W/WillLu00.htm2017,Luke Willson,SEA,27,te,16,7,0.0,0.0,0.0,0.0,0.0,3.0,42.0,0.0,17.0,14.0,195,2017
/players/Z/ZennZa00.htm2017,Zach Zenner,DET,26,,8,0,0.0,0.0,0.0,0.0,0.0,3.0,62.0,0.0,23.0,20.7,88,2017
/players/B/BeasCo00.htm2017,Cole Beasley,DAL,28,wr,15,4,2.0,19.0,0.0,15.0,9.5,0.0,0.0,0.0,0.0,0.0,333,2017
/players/B/BibbKa00.htm2017,Kapri Bibbs,WAS,24,,3,0,0.0,0.0,0.0,0.0,0.0,2.0,17.0,0.0,17.0,8.5,224,2017
/players/C/CeleBr00.htm2017,Brent Celek,PHI,32,TE,16,10,0.0,0.0,0.0,0.0,0.0,2.0,18.0,0.0,10.0,9.0,148,2017
/players/C/ChunPa99.htm2017,Patrick Chung,NWE,30,S,16,11,1.0,0.0,0.0,0.0,0.0,1.0,4.0,0.0,4.0,4.0,34,2017
/players/C/ClemCo00.htm2017,Corey Clement,PHI,23,,16,0,0.0,0.0,0.0,0.0,0.0,2.0,49.0,0.0,35.0,24.5,493,2017
/players/C/ColeKe00.htm2017,Keelan Cole,JAX,24,wr,16,6,0.0,0.0,0.0,0.0,0.0,2.0,26.0,0.0,14.0,13.0,774,2017
/players/C/CollAl00.htm2017,Alex Collins,BAL,23,RB,15,12,0.0,0.0,0.0,0.0,0.0,2.0,50.0,0.0,27.0,25.0,1210,2017
/players/D/DaviMi03.htm2017,Michael Davis,LAC,22,,15,0,0.0,0.0,0.0,0.0,0.0,2.0,36.0,0.0,19.0,18.0,36,2017
/players/G/GrifGa00.htm2017,Garrett Griffin,NOR,23,,3,0,0.0,0.0,0.0,0.0,0.0,2.0,23.0,0.0,12.0,11.5,27,2017
/players/H/HallDe99.htm2017,DeAngelo Hall,WAS,34,cb/ss,5,2,2.0,7.0,0.0,7.0,3.5,0.0,0.0,0.0,0.0,0.0,7,2017
/players/H/HendDe01.htm2017,De'Angelo Henderson,DEN,25,,5,0,0.0,0.0,0.0,0.0,0.0,2.0,59.0,0.0,32.0,29.5,108,2017
/players/H/HydeMi00.htm2017,Micah Hyde,BUF,27,SS,16,16,2.0,18.0,0.0,12.0,9.0,0.0,0.0,0.0,0.0,0.0,82,2017
/players/J/JackEd01.htm2017,Eddie Jackson,CHI,25,S,16,16,2.0,6.0,0.0,7.0,3.0,0.0,0.0,0.0,0.0,0.0,163,2017
/players/J/JoneTa00.htm2017,Taiwan Jones,BUF,29,,8,0,0.0,0.0,0.0,0.0,0.0,2.0,50.0,0.0,27.0,25.0,61,2017
/players/M/MaylVi00.htm2017,Vince Mayle,BAL,26,,16,0,0.0,0.0,0.0,0.0,0.0,2.0,43.0,0.0,29.0,21.5,45,2017
/players/M/McCoDe99.htm2017,Devin McCourty,NWE,30,S/ss,16,16,0.0,0.0,0.0,0.0,0.0,2.0,15.0,0.0,12.0,7.5,15,2017
/players/O/OrchNa00.htm2017,Nate Orchard,CLE,24,de,16,1,0.0,0.0,0.0,0.0,0.0,2.0,17.0,0.0,9.0,8.5,17,2017
/players/P/PeriSa00.htm2017,Samaje Perine,WAS,22,RB,16,8,0.0,0.0,0.0,0.0,0.0,2.0,48.0,0.0,28.0,24.0,833,2017
/players/S/SandEm00.htm2017,Emmanuel Sanders,DEN,30,WR,12,11,2.0,-2.0,0.0,3.0,-1.0,0.0,0.0,0.0,0.0,0.0,553,2017
/players/S/SimsCh00.htm2017,Charles Sims,TAM,27,,16,0,0.0,0.0,0.0,0.0,0.0,2.0,32.0,0.0,19.0,16.0,376,2017
/players/S/SneaWi00.htm2017,Willie Snead,NOR,25,wr,11,7,1.0,0.0,0.0,0.0,0.0,1.0,18.0,0.0,18.0,18.0,110,2017
/players/W/WashDw00.htm2017,Dwayne Washington,DET,23,,5,0,0.0,0.0,0.0,0.0,0.0,2.0,31.0,0.0,18.0,15.5,89,2017
/players/W/WebbLa99.htm2017,Lardarius Webb,BAL,32,db,16,3,2.0,7.0,0.0,7.0,3.5,0.0,0.0,0.0,0.0,0.0,17,2017
/players/W/WestCh01.htm2017,Charcandrick West,KAN,26,,13,0,0.0,0.0,0.0,0.0,0.0,2.0,37.0,0.0,19.0,18.5,259,2017
/players/A/AchoSa00.htm2017,Sam Acho,CHI,29,LB,16,12,0.0,0.0,0.0,0.0,0.0,1.0,3.0,0.0,3.0,3.0,3,2017
/players/A/AlliGe01.htm2017,Geronimo Allison,GNB,23,wr,15,2,1.0,0.0,0.0,0.0,0.0,0.0,0.0,0.0,0.0,0.0,253,2017
/players/B/BashTa00.htm2017,Tarell Basham,IND,23,,15,0,0.0,0.0,0.0,0.0,0.0,1.0,0.0,0.0,0.0,0.0,0,2017
/players/B/BassDa00.htm2017,David Bass,2TM,27,,15,2,0.0,0.0,0.0,0.0,0.0,1.0,10.0,0.0,10.0,10.0,10,2017
/players/B/BeckOd00.htm2017,Odell Beckham,NYG,25,wr,4,2,0.0,0.0,0.0,0.0,0.0,1.0,20.0,0.0,20.0,20.0,330,2017
/players/B/BernGi00.htm2017,Giovani Bernard,CIN,26,rb,16,2,0.0,0.0,0.0,0.0,0.0,1.0,7.0,0.0,7.0,7.0,854,2017
/players/B/BlaiRo00.htm2017,Ronald Blair,SFO,24,de,6,2,0.0,0.0,0.0,0.0,0.0,1.0,0.0,0.0,0.0,0.0,0,2017
/players/B/BohaTo00.htm2017,Tommy Bohanon,JAX,27,FB,16,10,0.0,0.0,0.0,0.0,0.0,1.0,14.0,0.0,14.0,14.0,62,2017
/players/B/BrowDo02.htm2017,Donatello Brown,GNB,26,,4,0,1.0,0.0,0.0,0.0,0.0,0.0,0.0,0.0,0.0,0.0,0,2017
/players/B/BrowMa02.htm2017,Mack Brown,2TM,26,,4,0,0.0,0.0,0.0,0.0,0.0,1.0,17.0,0.0,17.0,17.0,57,2017
/players/B/BurkRe00.htm2017,Rex Burkhead,NWE,27,rb,10,3,0.0,0.0,0.0,0.0,0.0,1.0,17.0,0.0,17.0,17.0,535,2017
/players/C/CallBr00.htm2017,Bryce Callahan,CHI,26,cb/db/de,12,6,1.0,59.0,1.0,59.0,59.0,0.0,0.0,0.0,0.0,0.0,132,2017
/players/C/CartCe00.htm2017,Cethan Carter,CIN,22,,16,0,0.0,0.0,0.0,0.0,0.0,1.0,0.0,0.0,0.0,0.0,0,2017
/players/C/ColeSt00.htm2017,Stacy Coley,MIN,23,,4,0,0.0,0.0,0.0,0.0,0.0,1.0,19.0,0.0,19.0,19.0,19,2017
/players/C/ConlCh00.htm2017,Chris Conley,KAN,25,wr,5,5,0.0,0.0,0.0,0.0,0.0,1.0,8.0,0.0,8.0,8.0,183,2017
/players/C/CoxxBr01.htm2017,Bryan Cox,CAR,23,,7,0,0.0,0.0,0.0,0.0,0.0,1.0,13.0,0.0,13.0,13.0,28,2017
/players/D/DeckEr00.htm2017,Eric Decker,TEN,30,WR,16,8,0.0,0.0,0.0,0.0,0.0,1.0,22.0,0.0,22.0,22.0,585,2017
/players/D/DennDa00.htm2017,Darqueze Dennard,CIN,26,db/lcb/rcb,16,6,1.0,0.0,0.0,0.0,0.0,0.0,0.0,0.0,0.0,0.0,109,2017
/players/D/DerbA.00.htm2017,A.J. Derby,2TM,26,,11,1,0.0,0.0,0.0,0.0,0.0,1.0,11.0,0.0,11.0,11.0,255,2017
/players/D/DiMaPa00.htm2017,Patrick DiMarco,BUF,28,FB/rb,16,9,0.0,0.0,0.0,0.0,0.0,1.0,24.0,0.0,24.0,24.0,50,2017
/players/F/FackKy00.htm2017,Kyler Fackrell,GNB,26,rolb,16,2,0.0,0.0,0.0,0.0,0.0,1.0,11.0,0.0,11.0,11.0,11,2017
/players/F/FeliJo00.htm2017,Jon Feliciano,OAK,25,rg,13,1,0.0,0.0,0.0,0.0,0.0,1.0,15.0,0.0,15.0,15.0,15,2017
/players/F/FellDa01.htm2017,Darren Fells,DET,31,TE,16,13,0.0,0.0,0.0,0.0,0.0,1.0,10.0,0.0,10.0,10.0,187,2017
/players/F/ForeDO00.htm2017,D'Onta Foreman,HOU,21,rb,10,1,0.0,0.0,0.0,0.0,0.0,1.0,12.0,0.0,12.0,12.0,422,2017
/players/F/FowlBe00.htm2017,Bennie Fowler,DEN,26,wr,16,4,1.0,6.0,0.0,6.0,6.0,0.0,0.0,0.0,0.0,0.0,356,2017
/players/F/FullKe00.htm2017,Kendall Fuller,WAS,22,cb,16,6,0.0,0.0,0.0,0.0,0.0,1.0,12.0,0.0,12.0,12.0,16,2017
/players/G/GarlBe00.htm2017,Ben Garland,ATL,29,lg,16,3,0.0,0.0,0.0,0.0,0.0,1.0,11.0,0.0,11.0,11.0,11,2017
/players/G/GlowMa00.htm2017,Mark Glowinski,SEA,25,rg,10,2,0.0,0.0,0.0,0.0,0.0,1.0,0.0,0.0,0.0,0.0,0,2017
/players/G/GoldRo00.htm2017,Robert Golden,PIT,27,fs,16,2,0.0,0.0,0.0,0.0,0.0,1.0,5.0,0.0,5.0,5.0,4,2017
/players/G/GrimXa00.htm2017,Xavier Grimble,PIT,25,te/wr,15,2,0.0,0.0,0.0,0.0,0.0,1.0,0.0,0.0,0.0,0.0,32,2017
/players/H/HoltJo00.htm2017,Johnny Holton,OAK,26,wr,16,1,1.0,0.0,0.0,0.0,0.0,0.0,0.0,0.0,0.0,0.0,218,2017
/players/J/JackWi02.htm2017,William Jackson,CIN,25,rcb,15,5,1.0,0.0,0.0,0.0,0.0,0.0,0.0,0.0,0.0,0.0,75,2017
/players/J/JanoAn00.htm2017,Andy Janovich,DEN,24,fb,16,4,0.0,0.0,0.0,0.0,0.0,1.0,10.0,0.0,10.0,10.0,57,2017
/players/J/JenkJo01.htm2017,Jordan Jenkins,NYJ,23,LB,16,15,0.0,0.0,0.0,0.0,0.0,1.0,7.0,0.0,7.0,7.0,7,2017
/players/J/JohnTr05.htm2017,Trumaine Johnson,LAR,27,LCB,16,15,1.0,6.0,0.0,6.0,6.0,0.0,0.0,0.0,0.0,0.0,45,2017
/players/K/KellRo00.htm2017,Robert Kelley,WAS,25,rb,7,7,0.0,0.0,0.0,0.0,0.0,1.0,16.0,0.0,16.0,16.0,228,2017
/players/K/KuhnJo00.htm2017,John Kuhn,NOR,35,fb,2,1,0.0,0.0,0.0,0.0,0.0,1.0,9.0,0.0,9.0,9.0,11,2017
/players/L/LongMa00.htm2017,Matt Longacre,LAR,26,lb,14,1,0.0,0.0,0.0,0.0,0.0,1.0,0.0,0.0,0.0,0.0,8,2017
/players/M/MayoDa00.htm2017,David Mayo,CAR,24,mlb,16,1,0.0,0.0,0.0,0.0,0.0,1.0,12.0,0.0,12.0,12.0,12,2017
/players/M/McCaMa01.htm2017,Max McCaffrey,JAX,23,,5,0,1.0,0.0,0.0,0.0,0.0,0.0,0.0,0.0,0.0,0.0,4,2017
/players/M/McQuLe01.htm2017,Leon McQuay,KAN,23,s,1,1,0.0,0.0,0.0,0.0,0.0,1.0,0.0,0.0,0.0,0.0,0,2017
/players/M/MurpMa03.htm2017,Marcus Murphy,BUF,26,,1,0,0.0,0.0,0.0,0.0,0.0,1.0,18.0,0.0,18.0,18.0,66,2017
/players/M/MyriJa00.htm2017,Jalen Myrick,JAX,22,,5,0,0.0,0.0,0.0,0.0,0.0,1.0,18.0,0.0,18.0,18.0,18,2017
/players/N/NiklTr00.htm2017,Troy Niklas,ARI,25,TE/wr,15,11,0.0,0.0,0.0,0.0,0.0,1.0,1.0,0.0,1.0,1.0,133,2017
/players/O/OlawJa00.htm2017,Jamize Olawale,OAK,28,,12,0,0.0,0.0,0.0,0.0,0.0,1.0,9.0,0.0,9.0,9.0,85,2017
/players/P/PaleTe00.htm2017,Tenny Palepoi,LAC,27,,15,0,0.0,0.0,0.0,0.0,0.0,1.0,0.0,0.0,0.0,0.0,0,2017
/players/P/PociEt00.htm2017,Ethan Pocic,SEA,22,lg/rg,16,11,0.0,0.0,0.0,0.0,0.0,1.0,13.0,0.0,13.0,13.0,13,2017
/players/R/RobeRo00.htm2017,Roy Robertson-Harris,CHI,24,,13,0,0.0,0.0,0.0,0.0,0.0,1.0,7.0,0.0,7.0,7.0,7,2017
/players/R/RobiDe01.htm2017,Demarcus Robinson,KAN,23,WR,16,8,1.0,-4.0,0.0,-4.0,-4.0,0.0,0.0,0.0,0.0,0.0,208,2017
/players/S/SherAn00.htm2017,Anthony Sherman,KAN,29,fb,16,3,0.0,0.0,0.0,0.0,0.0,1.0,7.0,0.0,7.0,7.0,94,2017
/players/S/SmitRo06.htm2017,Rod Smith,DAL,25,rb,15,1,0.0,0.0,0.0,0.0,0.0,1.0,20.0,0.0,20.0,20.0,454,2017
/players/S/SmitTo02.htm2017,Torrey Smith,PHI,28,WR,16,14,1.0,9.0,0.0,9.0,9.0,0.0,0.0,0.0,0.0,0.0,436,2017
/players/S/SoreDa01.htm2017,Daniel Sorensen,KAN,27,lb/S,15,14,1.0,0.0,0.0,0.0,0.0,0.0,0.0,0.0,0.0,0.0,3,2017
/players/S/SproDa00.htm2017,Darren Sproles,PHI,34,,3,0,1.0,10.0,0.0,10.0,10.0,0.0,0.0,0.0,0.0,0.0,144,2017
/players/T/ThomMi04.htm2017,Mike Thomas,LAR,23,wr,8,1,0.0,0.0,0.0,0.0,0.0,1.0,15.0,0.0,15.0,15.0,108,2017
/players/V/VannNi00.htm2017,Nick Vannett,SEA,24,te,15,4,0.0,0.0,0.0,0.0,0.0,1.0,0.0,0.0,0.0,0.0,124,2017
/players/V/VitaDa00.htm2017,Danny Vitale,CLE,24,fb,15,6,0.0,0.0,0.0,0.0,0.0,1.0,18.0,0.0,18.0,18.0,37,2017
/players/W/WestDe00.htm2017,Dede Westbrook,JAX,24,wr,7,5,1.0,19.0,0.0,19.0,19.0,0.0,0.0,0.0,0.0,0.0,358,2017
/players/W/WhalGr00.htm2017,Griff Whalen,BAL,27,,2,0,1.0,2.0,0.0,2.0,2.0,0.0,0.0,0.0,0.0,0.0,25,2017
/players/W/WhitJe02.htm2017,Jermaine Whitehead,GNB,24,,10,0,1.0,0.0,0.0,0.0,0.0,0.0,0.0,0.0,0.0,0.0,7,2017
/players/W/WillDa05.htm2017,Damien Williams,MIA,25,rb,11,4,0.0,0.0,0.0,0.0,0.0,1.0,-7.0,0.0,-7.0,-7.0,329,2017
/players/W/WilsAl02.htm2017,Albert Wilson,KAN,25,wr,13,7,0.0,0.0,0.0,0.0,0.0,1.0,18.0,0.0,18.0,18.0,578,2017
