player_url,name,team,age,position,games_played,games_started,punt_returns,punt_return_yards,punt_return_td,lng_punt_return,yards_per_punt_return,kick_returns,kick_return_yards,kick_return_td,lng_kick_return,yards_per_kick_return,all_purpose_yards,year
/players/R/RobeAn00.htm2018,Andre Roberts,NYJ,30,wr,16,1,23.0,324.0,1.0,78.0,14.1,40.0,1174.0,1.0,99.0,29.4,1597,2018
/players/E/EricAl01.htm2018,Alex Erickson,CIN,26,wr,16,6,20.0,212.0,0.0,38.0,10.6,40.0,1049.0,0.0,77.0,26.2,1450,2018
/players/S/SwitRy00.htm2018,Ryan Switzer,PIT,24,wr,16,1,30.0,252.0,0.0,23.0,8.4,30.0,607.0,0.0,35.0,20.2,1133,2018
/players/H/HarrDw00.htm2018,Dwayne Harris,OAK,31,wr,15,1,20.0,281.0,1.0,99.0,14.1,29.0,663.0,0.0,34.0,22.9,996,2018
/players/C/CartDe02.htm2018,DeAndre Carter,2TM,25,,14,4,26.0,249.0,0.0,42.0,9.6,19.0,425.0,0.0,30.0,22.4,897,2018
/players/K/KingDe01.htm2018,Desmond King,LAC,24,cb/db,16,8,23.0,318.0,1.0,73.0,13.8,22.0,522.0,0.0,40.0,23.7,915,2018
/players/L/LockTy00.htm2018,Tyler Lockett,SEA,26,WR,16,14,25.0,143.0,0.0,19.0,5.7,19.0,493.0,0.0,84.0,25.9,1670,2018
/players/P/PeppJa00.htm2018,Jabrill Peppers,CLE,23,S,16,16,25.0,219.0,0.0,33.0,8.8,19.0,408.0,0.0,29.0,21.5,659,2018
/players/C/CoheTa00.htm2018,Tarik Cohen,CHI,23,rb/wr,16,7,33.0,411.0,0.0,44.0,12.5,2.0,22.0,0.0,22.0,11.0,1599,2018
/players/J/JameRi00.htm2018,Richie James,SFO,23,wr,13,2,12.0,75.0,0.0,23.0,6.3,23.0,580.0,1.0,97.0,25.2,785,2018
/players/S/SmitTr04.htm2018,Tremon Smith,KAN,22,cb,14,1,0.0,0.0,0.0,0.0,0.0,33.0,886.0,0.0,97.0,26.8,886,2018
/players/G/GranJa00.htm2018,Jakeem Grant,MIA,26,wr,10,2,14.0,228.0,1.0,71.0,16.3,18.0,535.0,1.0,102.0,29.7,1036,2018
/players/N/NatsJo00.htm2018,Jojo Natson,LAR,24,,13,0,26.0,280.0,0.0,60.0,10.8,6.0,108.0,0.0,24.0,18.0,388,2018
/players/E/ErviTy00.htm2018,Tyler Ervin,HOU,25,,9,0,21.0,175.0,0.0,27.0,8.3,10.0,253.0,0.0,36.0,25.3,463,2018
/players/M/McKeIs00.htm2018,Isaiah McKenzie,2TM,23,,8,1,16.0,100.0,0.0,21.0,6.3,12.0,237.0,0.0,33.0,19.8,582,2018
/players/H/HallMa02.htm2018,Marvin Hall,ATL,25,,16,0,1.0,0.0,0.0,0.0,0.0,26.0,616.0,0.0,53.0,23.7,765,2018
/players/S/SherMa20.htm2018,Marcus Sherels,MIN,31,,12,0,23.0,276.0,0.0,70.0,12.0,2.0,34.0,0.0,17.0,17.0,310,2018
/players/C/ColeCo00.htm2018,Corey Coleman,NYG,24,wr,8,1,1.0,19.0,0.0,19.0,19.0,23.0,598.0,0.0,51.0,26.0,693,2018
/players/J/JoneCy00.htm2018,Cyrus Jones,2TM,25,,13,0,23.0,304.0,1.0,70.0,13.2,1.0,12.0,0.0,12.0,12.0,316,2018
/players/R/RogeCh02.htm2018,Chester Rogers,IND,24,WR,16,10,23.0,215.0,0.0,51.0,9.3,1.0,10.0,0.0,10.0,10.0,706,2018
/players/H/HumpAd00.htm2018,Adam Humphries,TAM,25,WR,16,10,21.0,139.0,0.0,16.0,6.6,2.0,17.0,0.0,13.0,8.5,983,2018
/players/P/PattCo00.htm2018,Cordarrelle Patterson,NWE,27,rb/wr,15,5,0.0,0.0,0.0,0.0,0.0,23.0,663.0,1.0,95.0,28.8,1138,2018
/players/H/HardJu00.htm2018,Justin Hardy,ATL,27,,16,0,20.0,147.0,0.0,18.0,7.4,2.0,7.0,0.0,7.0,3.5,287,2018
/players/J/JennDa00.htm2018,Darius Jennings,TEN,26,,16,0,0.0,0.0,0.0,0.0,0.0,22.0,698.0,1.0,94.0,31.7,801,2018
/players/M/MoorCh00.htm2018,Chris Moore,BAL,25,,16,0,0.0,0.0,0.0,0.0,0.0,22.0,491.0,0.0,39.0,22.3,704,2018
/players/W/WestDe00.htm2018,Dede Westbrook,JAX,25,WR,16,9,19.0,266.0,1.0,74.0,14.0,3.0,37.0,0.0,16.0,12.3,1118,2018
/players/C/CoopPh00.htm2018,Pharoh Cooper,2TM,23,,7,0,8.0,79.0,0.0,45.0,9.9,13.0,277.0,0.0,28.0,21.3,356,2018
/players/K/KirkCh01.htm2018,Christian Kirk,ARI,22,wr,12,7,21.0,164.0,0.0,44.0,7.8,0.0,0.0,0.0,0.0,0.0,789,2018
/players/A/AgneJa00.htm2018,Jamal Agnew,DET,23,,6,0,12.0,57.0,0.0,16.0,4.8,8.0,216.0,0.0,45.0,27.0,290,2018
/players/E/EdelJu00.htm2018,Julian Edelman,NWE,32,WR,12,12,20.0,154.0,0.0,25.0,7.7,0.0,0.0,0.0,0.0,0.0,1111,2018
/players/H/HillTy00.htm2018,Tyreek Hill,KAN,24,WR,16,16,20.0,213.0,1.0,91.0,10.7,0.0,0.0,0.0,0.0,0.0,1843,2018
/players/C/ClemCo00.htm2018,Corey Clement,PHI,24,,11,0,6.0,17.0,0.0,10.0,2.8,13.0,333.0,0.0,48.0,25.6,801,2018
/players/D/DaviJa07.htm2018,Jawill Davis,NYG,23,,7,0,12.0,89.0,0.0,23.0,7.4,7.0,171.0,0.0,32.0,24.4,300,2018
/players/M/MickJa01.htm2018,Jaydon Mickens,JAX,24,,6,0,12.0,59.0,0.0,16.0,4.9,6.0,149.0,0.0,31.0,24.8,208,2018
/players/C/CounBl00.htm2018,Blake Countess,LAR,25,fs,16,1,0.0,0.0,0.0,0.0,0.0,17.0,419.0,0.0,40.0,24.6,419,2018
/players/B/BarnKe00.htm2018,Kenjon Barner,2TM,28,,9,0,7.0,29.0,0.0,13.0,4.1,9.0,220.0,0.0,37.0,24.4,323,2018
/players/J/JackAd00.htm2018,Adoree' Jackson,TEN,23,CB,16,13,16.0,148.0,0.0,26.0,9.3,0.0,0.0,0.0,0.0,0.0,155,2018
/players/K/KamaAl00.htm2018,Alvin Kamara,NOR,23,RB,15,13,12.0,82.0,0.0,16.0,6.8,4.0,126.0,0.0,50.0,31.5,1800,2018
/players/C/CracRi00.htm2018,River Cracraft,DEN,24,,8,0,12.0,40.0,0.0,20.0,3.3,3.0,43.0,0.0,23.0,14.3,127,2018
/players/H/HillTa00.htm2018,Taysom Hill,NOR,28,te/wr,16,4,1.0,0.0,0.0,0.0,0.0,14.0,348.0,0.0,47.0,24.9,546,2018
/players/M/MurpMa03.htm2018,Marcus Murphy,BUF,27,rb,11,1,2.0,15.0,0.0,9.0,7.5,13.0,324.0,0.0,49.0,24.9,615,2018
/players/W/WhitTi00.htm2018,Tim White,BAL,24,,3,0,9.0,75.0,0.0,14.0,8.3,6.0,135.0,0.0,37.0,22.5,224,2018
/players/A/AbduAm00.htm2018,Ameer Abdullah,2TM,25,,10,0,0.0,0.0,0.0,0.0,0.0,14.0,365.0,0.0,33.0,26.1,394,2018
/players/H/HendQu00.htm2018,Quadree Henderson,NYG,22,,5,0,9.0,68.0,0.0,21.0,7.6,5.0,112.0,0.0,30.0,22.4,180,2018
/players/J/JonePa20.htm2018,Adam Jones,DEN,35,cb/rcb,7,2,10.0,25.0,0.0,10.0,2.5,4.0,85.0,0.0,25.0,21.3,110,2018
/players/P/PascZa00.htm2018,Zach Pascal,IND,24,wr,16,4,0.0,0.0,0.0,0.0,0.0,14.0,297.0,0.0,29.0,21.2,575,2018
/players/S/StroGr00.htm2018,Greg Stroman,WAS,22,cb/de,15,3,8.0,27.0,0.0,10.0,3.4,6.0,110.0,0.0,23.0,18.3,160,2018
/players/B/ByrdDa00.htm2018,Damiere Byrd,CAR,25,,8,0,11.0,104.0,0.0,30.0,9.5,2.0,34.0,0.0,22.0,17.0,146,2018
/players/C/CallAn00.htm2018,Antonio Callaway,CLE,21,WR,16,11,5.0,61.0,0.0,37.0,12.2,8.0,143.0,0.0,35.0,17.9,797,2018
/players/B/BeasCo00.htm2018,Cole Beasley,DAL,29,wr,16,4,11.0,61.0,0.0,14.0,5.5,1.0,8.0,0.0,8.0,8.0,741,2018
/players/J/JohnDa09.htm2018,Danny Johnson,WAS,23,db,14,1,0.0,0.0,0.0,0.0,0.0,12.0,283.0,0.0,44.0,23.6,283,2018
/players/J/JoneT.00.htm2018,T.J. Jones,DET,26,wr,15,3,8.0,87.0,0.0,25.0,10.9,4.0,81.0,0.0,22.0,20.3,358,2018
/players/L/LogaT.00.htm2018,T.J. Logan,ARI,24,,10,0,0.0,0.0,0.0,0.0,0.0,12.0,296.0,0.0,36.0,24.7,335,2018
/players/W/WillTr99.htm2018,Tramon Williams,GNB,35,cb/S,16,16,12.0,83.0,0.0,23.0,6.9,0.0,0.0,0.0,0.0,0.0,83,2018
/players/A/AmenDa00.htm2018,Danny Amendola,MIA,33,WR,15,15,11.0,59.0,0.0,12.0,5.4,0.0,0.0,0.0,0.0,0.0,632,2018
/players/H/HillDo00.htm2018,Dontrell Hilliard,CLE,23,,11,0,0.0,0.0,0.0,0.0,0.0,11.0,264.0,0.0,31.0,24.0,369,2018
/players/L/LewiTo00.htm2018,Tommylee Lewis,NOR,26,wr,7,3,8.0,60.0,0.0,17.0,7.5,3.0,69.0,0.0,26.0,23.0,199,2018
/players/M/MoorD.00.htm2018,D.J. Moore,CAR,21,WR,16,10,6.0,32.0,0.0,15.0,5.3,5.0,119.0,0.0,32.0,23.8,1111,2018
/players/R/ReedD.00.htm2018,D.J. Reed,SFO,22,db/fs,15,2,0.0,0.0,0.0,0.0,0.0,11.0,332.0,0.0,90.0,30.2,332,2018
/players/S/SproDa00.htm2018,Darren Sproles,PHI,35,rb,6,2,10.0,83.0,0.0,14.0,8.3,1.0,2.0,0.0,2.0,2.0,365,2018
/players/T/TaylTr02.htm2018,Trent Taylor,SFO,24,,14,0,10.0,78.0,0.0,18.0,7.8,1.0,15.0,0.0,15.0,15.0,308,2018
/players/A/AustTa00.htm2018,Tavon Austin,DAL,28,,7,0,10.0,58.0,0.0,22.0,5.8,0.0,0.0,0.0,0.0,0.0,253,2018
/players/B/BookDe00.htm2018,Devontae Booker,DEN,26,,16,0,0.0,0.0,0.0,0.0,0.0,10.0,234.0,0.0,35.0,23.4,692,2018
/players/D/DrakKe00.htm2018,Kenyan Drake,MIA,24,rb,16,7,0.0,0.0,0.0,0.0,0.0,10.0,213.0,0.0,26.0,21.3,1225,2018
/players/L/LindPh00.htm2018,Phillip Lindsay,DEN,24,RB,15,8,3.0,23.0,0.0,15.0,7.7,7.0,163.0,0.0,32.0,23.3,1471,2018
/players/M/MontTy01.htm2018,Ty Montgomery,2TM,25,,13,0,0.0,0.0,0.0,0.0,0.0,10.0,210.0,0.0,27.0,21.0,633,2018
/players/S/SamuCu00.htm2018,Curtis Samuel,CAR,22,WR,13,8,0.0,0.0,0.0,0.0,0.0,10.0,209.0,0.0,32.0,20.9,787,2018
/players/W/WillBr07.htm2018,Brandon Williams,ARI,26,,16,0,0.0,0.0,0.0,0.0,0.0,10.0,192.0,0.0,29.0,19.2,192,2018
/players/W/WilsJe00.htm2018,Jesus Wilson,TAM,23,,5,0,0.0,0.0,0.0,0.0,0.0,10.0,284.0,0.0,38.0,28.4,336,2018
/players/B/BeckOd00.htm2018,Odell Beckham,NYG,26,WR,12,12,8.0,34.0,0.0,16.0,4.3,1.0,26.0,0.0,26.0,26.0,1131,2018
/players/G/GranJa01.htm2018,Janarion Grant,BAL,25,,2,0,7.0,52.0,0.0,51.0,7.4,2.0,56.0,0.0,32.0,28.0,108,2018
/players/H/HydeMi00.htm2018,Micah Hyde,BUF,28,SS,15,15,9.0,75.0,0.0,31.0,8.3,0.0,0.0,0.0,0.0,0.0,100,2018
/players/P/PetePa00.htm2018,Patrick Peterson,ARI,28,CB,16,16,9.0,64.0,0.0,16.0,7.1,0.0,0.0,0.0,0.0,0.0,113,2018
/players/P/PettDa00.htm2018,Dante Pettis,SFO,23,wr,12,7,9.0,27.0,0.0,14.0,3.0,0.0,0.0,0.0,0.0,0.0,492,2018
/players/B/BreeBa00.htm2018,Bashaud Breeland,GNB,26,cb,7,5,0.0,0.0,0.0,0.0,0.0,8.0,173.0,0.0,38.0,21.6,221,2018
/players/C/CunnBe01.htm2018,Benny Cunningham,CHI,28,,15,0,0.0,0.0,0.0,0.0,0.0,8.0,173.0,0.0,31.0,21.6,202,2018
/players/J/JoneJJ00.htm2018,JJ Jones,2TM,26,,4,0,5.0,24.0,0.0,11.0,4.8,3.0,69.0,0.0,33.0,23.0,96,2018
/players/P/PennRa00.htm2018,Rashaad Penny,SEA,22,,14,0,0.0,0.0,0.0,0.0,0.0,8.0,140.0,0.0,23.0,17.5,634,2018
/players/P/PerrSe00.htm2018,Senorise Perry,MIA,27,,16,0,0.0,0.0,0.0,0.0,0.0,8.0,164.0,0.0,32.0,20.5,164,2018
/players/C/CharDJ00.htm2018,DJ Chark,JAX,22,,11,0,0.0,-8.0,0.0,-8.0,0.0,7.0,186.0,0.0,47.0,26.6,359,2018
/players/C/CobbRa00.htm2018,Randall Cobb,GNB,28,wr,9,6,7.0,46.0,0.0,17.0,6.6,0.0,0.0,0.0,0.0,0.0,429,2018
/players/G/GreeRa00.htm2018,Rashad Greene,JAX,26,wr,8,1,2.0,16.0,0.0,8.0,8.0,5.0,105.0,0.0,31.0,21.0,181,2018
/players/M/MizzTa00.htm2018,Taquan Mizzell,CHI,25,wr,9,1,0.0,0.0,0.0,0.0,0.0,7.0,106.0,0.0,22.0,15.1,200,2018
/players/O/OgunDa00.htm2018,Dare Ogunbowale,TAM,24,,2,0,0.0,0.0,0.0,0.0,0.0,7.0,137.0,0.0,25.0,19.6,137,2018
/players/T/TateGo00.htm2018,Golden Tate,2TM,30,,15,8,7.0,28.0,0.0,12.0,4.0,0.0,0.0,0.0,0.0,0.0,857,2018
/players/W/WilsSh01.htm2018,Shaun Wilson,TAM,23,,5,0,0.0,0.0,0.0,0.0,0.0,7.0,122.0,0.0,29.0,17.4,156,2018
/players/B/BenjTr00.htm2018,Travis Benjamin,LAC,29,wr,12,3,5.0,16.0,0.0,8.0,3.2,1.0,17.0,0.0,17.0,17.0,260,2018
/players/H/HughMi00.htm2018,Mike Hughes,MIN,21,cb/lcb,6,2,2.0,13.0,0.0,13.0,6.5,4.0,107.0,0.0,46.0,26.8,148,2018
/players/M/MarsBy01.htm2018,Byron Marshall,WAS,24,,6,0,0.0,0.0,0.0,0.0,0.0,6.0,114.0,0.0,28.0,19.0,153,2018
/players/M/MillAn02.htm2018,Anthony Miller,CHI,24,wr,15,4,0.0,0.0,0.0,0.0,0.0,6.0,139.0,0.0,31.0,23.2,588,2018
/players/T/ThomDe04.htm2018,Deonte Thompson,2TM,29,,13,6,0.0,0.0,0.0,0.0,0.0,6.0,147.0,0.0,35.0,24.5,308,2018
/players/B/BoldVi00.htm2018,Victor Bolden,2TM,23,,6,0,0.0,0.0,0.0,0.0,0.0,5.0,116.0,0.0,28.0,23.2,126,2018
/players/C/ClayKa00.htm2018,Kaelin Clay,NYG,26,,2,0,5.0,15.0,0.0,6.0,3.0,0.0,0.0,0.0,0.0,0.0,15,2018
/players/D/DaviTr03.htm2018,Trevor Davis,GNB,25,,2,0,4.0,44.0,0.0,15.0,11.0,1.0,20.0,0.0,20.0,20.0,64,2018
/players/J/JackDe00.htm2018,DeSean Jackson,TAM,32,WR,12,10,5.0,24.0,0.0,11.0,4.8,0.0,0.0,0.0,0.0,0.0,827,2018
/players/J/JoneTa00.htm2018,Taiwan Jones,BUF,30,,6,0,0.0,0.0,0.0,0.0,0.0,5.0,89.0,0.0,27.0,17.8,89,2018
/players/L/LatiCo00.htm2018,Cody Latimer,NYG,26,wr,6,2,0.0,0.0,0.0,0.0,0.0,5.0,123.0,0.0,34.0,24.6,313,2018
/players/M/McClRa00.htm2018,Ray-Ray McCloud,BUF,22,fb,10,1,4.0,20.0,0.0,13.0,5.0,1.0,18.0,0.0,18.0,18.0,78,2018
/players/Z/ZylsBr00.htm2018,Brandon Zylstra,MIN,25,,16,0,4.0,26.0,0.0,9.0,6.5,1.0,15.0,0.0,15.0,15.0,64,2018
/players/A/AlexJa00.htm2018,Jaire Alexander,GNB,21,CB,13,11,4.0,25.0,0.0,24.0,6.3,0.0,0.0,0.0,0.0,0.0,52,2018
/players/C/ColeSt00.htm2018,Stacy Coley,2TM,24,,3,0,2.0,6.0,0.0,6.0,3.0,2.0,27.0,0.0,21.0,13.5,33,2018
/players/J/JackDa01.htm2018,Darius Jackson,2TM,25,,4,0,0.0,0.0,0.0,0.0,0.0,4.0,90.0,0.0,27.0,22.5,106,2018
/players/L/LandJa00.htm2018,Jarvis Landry,CLE,26,WR,16,14,2.0,10.0,0.0,8.0,5.0,2.0,22.0,0.0,14.0,11.0,1068,2018
/players/L/LangBr00.htm2018,Brendan Langley,DEN,24,,5,0,0.0,0.0,0.0,0.0,0.0,4.0,61.0,0.0,18.0,15.3,61,2018
/players/M/MattRi00.htm2018,Rishard Matthews,2TM,29,,8,0,4.0,38.0,0.0,18.0,9.5,0.0,0.0,0.0,0.0,0.0,62,2018
/players/M/MichSo00.htm2018,Sony Michel,NWE,23,RB,13,8,0.0,0.0,0.0,0.0,0.0,4.0,77.0,0.0,26.0,19.3,1058,2018
/players/M/MoorJM00.htm2018,J'Mon Moore,GNB,23,,12,0,0.0,0.0,0.0,0.0,0.0,4.0,102.0,0.0,37.0,25.5,117,2018
/players/P/PoweBr00.htm2018,Brandon Powell,DET,22,wr,6,1,2.0,8.0,0.0,5.0,4.0,2.0,43.0,0.0,27.0,21.5,184,2018
/players/Q/QuinTr00.htm2018,Trey Quinn,WAS,23,wr,3,2,4.0,52.0,0.0,30.0,13.0,0.0,0.0,0.0,0.0,0.0,127,2018
/players/S/ScotBo02.htm2018,Boston Scott,PHI,23,,2,0,0.0,0.0,0.0,0.0,0.0,4.0,96.0,0.0,35.0,24.0,96,2018
/players/T/ThomDe05.htm2018,De'Anthony Thomas,KAN,25,,5,0,1.0,48.0,0.0,48.0,48.0,3.0,58.0,0.0,26.0,19.3,141,2018
/players/W/WillJa06.htm2018,Jamaal Williams,GNB,23,RB,16,8,0.0,0.0,0.0,0.0,0.0,4.0,95.0,0.0,30.0,23.8,769,2018
/players/W/WillNi02.htm2018,Nick Williams,2TM,28,,4,0,4.0,47.0,0.0,38.0,11.8,0.0,0.0,0.0,0.0,0.0,64,2018
/players/B/BatsCa00.htm2018,Cameron Batson,TEN,23,wr,11,2,3.0,4.0,0.0,5.0,1.3,0.0,0.0,0.0,0.0,0.0,87,2018
/players/B/BibbKa00.htm2018,Kapri Bibbs,2TM,25,,12,0,0.0,0.0,0.0,0.0,0.0,3.0,57.0,0.0,20.0,19.0,275,2018
/players/E/EdmoCh00.htm2018,Chase Edmonds,ARI,22,,16,0,0.0,0.0,0.0,0.0,0.0,3.0,48.0,0.0,18.0,16.0,359,2018
/players/G/GibsSh00.htm2018,Shelton Gibson,PHI,23,,15,0,0.0,0.0,0.0,0.0,0.0,3.0,57.0,0.0,30.0,19.0,105,2018
/players/H/HamiDa01.htm2018,DaeSean Hamilton,DEN,23,wr,14,5,3.0,31.0,0.0,13.0,10.3,0.0,0.0,0.0,0.0,0.0,274,2018
/players/H/HarrMa05.htm2018,Maurice Harris,WAS,26,wr,12,7,3.0,11.0,0.0,6.0,3.7,0.0,0.0,0.0,0.0,0.0,325,2018
/players/H/HernCh00.htm2018,Chris Herndon,NYJ,22,TE,16,12,1.0,0.0,0.0,0.0,0.0,2.0,21.0,0.0,11.0,10.5,523,2018
/players/H/HillHo00.htm2018,Holton Hill,MIN,21,lcb/rcb,16,3,0.0,0.0,0.0,0.0,0.0,3.0,85.0,0.0,30.0,28.3,87,2018
/players/R/RodgJa00.htm2018,Jacquizz Rodgers,TAM,28,,16,0,0.0,0.0,0.0,0.0,0.0,3.0,52.0,0.0,21.0,17.3,464,2018
/players/T/TateBr00.htm2018,Brandon Tate,NOR,31,,1,0,3.0,15.0,0.0,8.0,5.0,0.0,0.0,0.0,0.0,0.0,15,2018
/players/A/AlleKe00.htm2018,Keenan Allen,LAC,26,WR,16,14,1.0,0.0,0.0,0.0,0.0,1.0,25.0,0.0,25.0,25.0,1277,2018
/players/A/AuclAn00.htm2018,Antony Auclair,TAM,25,TE,16,10,0.0,0.0,0.0,0.0,0.0,2.0,19.0,0.0,10.0,9.5,67,2018
/players/B/BallKa00.htm2018,Kalen Ballage,MIA,23,,12,0,0.0,0.0,0.0,0.0,0.0,2.0,26.0,0.0,16.0,13.0,267,2018
/players/B/BernGi00.htm2018,Giovani Bernard,CIN,27,rb,12,4,0.0,0.0,0.0,0.0,0.0,2.0,25.0,0.0,14.0,12.5,454,2018
/players/C/CarrTr00.htm2018,T.J. Carrie,CLE,28,CB,16,8,0.0,0.0,0.0,0.0,0.0,2.0,33.0,0.0,19.0,16.5,33,2018
/players/C/CrowJa00.htm2018,Jamison Crowder,WAS,25,wr,9,7,2.0,20.0,0.0,11.0,10.0,0.0,0.0,0.0,0.0,0.0,438,2018
/players/D/DiggQu00.htm2018,Quandre Diggs,DET,25,cb/SS,16,16,2.0,4.0,0.0,4.0,2.0,0.0,0.0,0.0,0.0,0.0,45,2018
/players/J/JackJo01.htm2018,Josh Jackson,GNB,22,CB,16,10,2.0,0.0,0.0,0.0,0.0,0.0,0.0,0.0,0.0,0.0,0,2018
/players/K/KerlJe00.htm2018,Jeremy Kerley,BUF,30,wr,1,1,2.0,10.0,0.0,6.0,5.0,0.0,0.0,0.0,0.0,0.0,17,2018
/players/L/LewiJo01.htm2018,Jourdan Lewis,DAL,23,cb,15,1,0.0,0.0,0.0,0.0,0.0,2.0,38.0,0.0,19.0,19.0,71,2018
/players/L/LongMa00.htm2018,Matt Longacre,LAR,27,lb,13,7,0.0,0.0,0.0,0.0,0.0,2.0,30.0,0.0,16.0,15.0,30,2018
/players/N/NelsJo00.htm2018,Jordy Nelson,OAK,33,WR,15,14,2.0,7.0,0.0,7.0,3.5,0.0,0.0,0.0,0.0,0.0,744,2018
/players/P/PatrLu00.htm2018,Lucas Patrick,GNB,25,lg/rg,14,4,0.0,0.0,0.0,0.0,0.0,2.0,23.0,0.0,15.0,11.5,23,2018
/players/P/PhilDa02.htm2018,Darius Phillips,CIN,23,db,15,1,2.0,24.0,0.0,16.0,12.0,0.0,0.0,0.0,0.0,0.0,24,2018
/players/R/RichJa01.htm2018,Jalen Richard,OAK,25,rb,16,1,2.0,3.0,0.0,3.0,1.5,0.0,0.0,0.0,0.0,0.0,869,2018
/players/R/RidlCa00.htm2018,Calvin Ridley,ATL,24,wr,16,5,0.0,0.0,0.0,0.0,0.0,2.0,50.0,0.0,32.0,25.0,898,2018
/players/S/SamuJa00.htm2018,Jaylen Samuels,PIT,22,rb,14,3,1.0,0.0,0.0,0.0,0.0,1.0,0.0,0.0,0.0,0.0,455,2018
/players/S/SmalWe00.htm2018,Wendell Smallwood,PHI,24,rb,16,6,0.0,0.0,0.0,0.0,0.0,2.0,33.0,0.0,17.0,16.5,627,2018
/players/S/StilKe00.htm2018,Kenny Stills,MIA,26,WR,15,15,2.0,6.0,0.0,6.0,3.0,0.0,0.0,0.0,0.0,0.0,559,2018
/players/W/WillLu00.htm2018,Luke Willson,DET,28,TE,14,8,0.0,0.0,0.0,0.0,0.0,2.0,35.0,0.0,20.0,17.5,122,2018
/players/A/AghoNe00.htm2018,Nelson Agholor,PHI,25,WR,16,16,1.0,0.0,0.0,0.0,0.0,0.0,0.0,0.0,0.0,0.0,768,2018
/players/A/AndeRo04.htm2018,Robby Anderson,NYJ,25,WR,14,9,0.0,0.0,0.0,0.0,0.0,1.0,13.0,0.0,13.0,13.0,757,2018
/players/B/BakeJe00.htm2018,Jerome Baker,MIA,22,LB,16,11,1.0,0.0,0.0,0.0,0.0,0.0,0.0,0.0,0.0,0.0,25,2018
/players/B/BellBl00.htm2018,Blake Bell,JAX,27,te,10,4,0.0,0.0,0.0,0.0,0.0,1.0,9.0,0.0,9.0,9.0,76,2018
/players/B/BlueAl00.htm2018,Alfred Blue,HOU,27,rb,16,2,0.0,0.0,0.0,0.0,0.0,1.0,13.0,0.0,13.0,13.0,666,2018
/players/B/BohaTo00.htm2018,Tommy Bohanon,JAX,28,fb,16,6,0.0,0.0,0.0,0.0,0.0,1.0,25.0,0.0,25.0,25.0,66,2018
/players/B/BrooTe00.htm2018,Terrence Brooks,NYJ,26,,16,0,1.0,0.0,0.0,0.0,0.0,0.0,0.0,0.0,0.0,0.0,0,2018
/players/C/CannTr00.htm2018,Trenton Cannon,NYJ,24,,16,0,0.0,0.0,0.0,0.0,0.0,1.0,20.0,0.0,20.0,20.0,277,2018
/players/C/CharOr00.htm2018,Orson Charles,CLE,27,te,13,2,0.0,0.0,0.0,0.0,0.0,1.0,12.0,0.0,12.0,12.0,35,2018
/players/C/ChriMa00.htm2018,Marqui Christian,LAR,24,,16,0,1.0,11.0,0.0,11.0,11.0,0.0,0.0,0.0,0.0,0.0,11,2018
/players/C/ConlCh00.htm2018,Chris Conley,KAN,26,WR,16,13,0.0,0.0,0.0,0.0,0.0,1.0,5.0,0.0,5.0,5.0,340,2018
/players/C/CruiDa00.htm2018,Dane Cruikshank,TEN,23,,12,0,0.0,0.0,0.0,0.0,0.0,1.0,39.0,0.0,39.0,39.0,105,2018
/players/D/DayeMa00.htm2018,Matthew Dayes,SFO,24,,7,0,0.0,0.0,0.0,0.0,0.0,1.0,17.0,0.0,17.0,17.0,17,2018
/players/D/DeveJa00.htm2018,James Develin,NWE,30,fb/rb/te,16,8,0.0,0.0,0.0,0.0,0.0,1.0,15.0,0.0,15.0,15.0,84,2018
/players/E/ElliBr00.htm2018,Bruce Ellington,2TM,27,,7,3,1.0,0.0,0.0,0.0,0.0,0.0,0.0,0.0,0.0,0.0,226,2018
/players/G/GinnTe00.htm2018,Ted Ginn,NOR,33,wr,5,3,0.0,0.0,0.0,0.0,0.0,1.0,1.0,0.0,1.0,1.0,236,2018
/players/G/GranCo00.htm2018,Corey Grant,JAX,27,rb,5,1,0.0,0.0,0.0,0.0,0.0,1.0,6.0,0.0,6.0,6.0,113,2018
/players/H/HarrDe03.htm2018,Demetrius Harris,KAN,27,te,15,3,0.0,0.0,0.0,0.0,0.0,1.0,11.0,0.0,11.0,11.0,175,2018
/players/H/HillBr02.htm2018,Brian Hill,ATL,23,,10,0,0.0,0.0,0.0,0.0,0.0,1.0,16.0,0.0,16.0,16.0,182,2018
/players/H/HiltT.00.htm2018,T.Y. Hilton,IND,29,WR,14,14,1.0,2.0,0.0,2.0,2.0,0.0,0.0,0.0,0.0,0.0,1272,2018
/players/J/JameDe00.htm2018,Derwin James,LAC,22,S,16,16,0.0,0.0,0.0,0.0,0.0,1.0,20.0,0.0,20.0,20.0,50,2018
/players/J/JanoAn00.htm2018,Andy Janovich,DEN,25,fb,16,7,0.0,0.0,0.0,0.0,0.0,1.0,8.0,0.0,8.0,8.0,125,2018
/players/J/JohnMa07.htm2018,Marcus Johnson,IND,24,,5,0,0.0,0.0,0.0,0.0,0.0,1.0,23.0,0.0,23.0,23.0,123,2018
/players/K/KaufBr01.htm2018,Bronson Kaufusi,NYJ,27,,3,0,0.0,0.0,0.0,0.0,0.0,1.0,0.0,0.0,0.0,0.0,0,2018
/players/K/KingKe01.htm2018,Kevin King,GNB,23,cb,6,6,1.0,0.0,0.0,0.0,0.0,0.0,0.0,0.0,0.0,0.0,0,2018
/players/K/KuppCo00.htm2018,Cooper Kupp,LAR,25,WR,8,8,1.0,4.0,0.0,4.0,4.0,0.0,0.0,0.0,0.0,0.0,595,2018
/players/L/LaCoMa00.htm2018,Matt LaCosse,DEN,26,te,15,5,0.0,0.0,0.0,0.0,0.0,1.0,10.0,0.0,10.0,10.0,260,2018
/players/L/LineZa01.htm2018,Zach Line,NOR,28,fb,16,6,0.0,0.0,0.0,0.0,0.0,1.0,16.0,0.0,16.0,16.0,71,2018
/players/M/MathTy00.htm2018,Tyrann Mathieu,HOU,26,cb/S,16,16,1.0,6.0,0.0,6.0,6.0,0.0,0.0,0.0,0.0,0.0,22,2018
/players/M/McCaRi00.htm2018,Riley McCarron,NWE,25,,1,0,1.0,0.0,0.0,0.0,0.0,0.0,0.0,0.0,0.0,0.0,0,2018
/players/M/McKiJ.00.htm2018,J.D. McKissic,SEA,25,,5,0,0.0,0.0,0.0,0.0,0.0,1.0,18.0,0.0,18.0,18.0,26,2018
/players/M/MeekQu00.htm2018,Quenton Meeks,JAX,22,rcb,8,1,1.0,1.0,0.0,1.0,1.0,0.0,0.0,0.0,0.0,0.0,1,2018
/players/M/MoncDo00.htm2018,Donte Moncrief,JAX,25,WR,16,14,0.0,0.0,0.0,0.0,0.0,1.0,7.0,0.0,7.0,7.0,675,2018
/players/M/MoorDa03.htm2018,David Moore,SEA,23,wr,16,7,0.0,0.0,0.0,0.0,0.0,1.0,18.0,0.0,18.0,18.0,468,2018
/players/N/NixxRo01.htm2018,Roosevelt Nix,PIT,26,,16,0,0.0,0.0,0.0,0.0,0.0,1.0,12.0,0.0,12.0,12.0,54,2018
/players/P/PaulNi00.htm2018,Niles Paul,JAX,29,te,6,1,0.0,0.0,0.0,0.0,0.0,1.0,8.0,0.0,8.0,8.0,103,2018
/players/R/RobiAl00.htm2018,Aldrick Robinson,MIN,30,,14,0,0.0,0.0,0.0,0.0,0.0,1.0,21.0,0.0,21.0,21.0,252,2018
/players/R/RobiDe01.htm2018,Demarcus Robinson,KAN,24,wr,16,5,1.0,0.0,0.0,0.0,0.0,0.0,0.0,0.0,0.0,0.0,288,2018
/players/R/RodgDo99.htm2018,Dominique Rodgers-Cromartie,OAK,32,cb,7,1,1.0,0.0,0.0,0.0,0.0,0.0,0.0,0.0,0.0,0.0,0,2018
/players/S/SherAn00.htm2018,Anthony Sherman,KAN,30,fb,16,1,0.0,0.0,0.0,0.0,0.0,1.0,5.0,0.0,5.0,5.0,103,2018
/players/S/SimoSc00.htm2018,Scott Simonson,NYG,26,te,16,4,0.0,0.0,0.0,0.0,0.0,1.0,12.0,0.0,12.0,12.0,98,2018
/players/S/SmytDu00.htm2018,Durham Smythe,MIA,23,te,15,2,0.0,0.0,0.0,0.0,0.0,1.0,0.0,0.0,0.0,0.0,50,2018
/players/S/SneaWi00.htm2018,Willie Snead,BAL,26,WR,16,10,0.0,0.0,0.0,0.0,0.0,1.0,13.0,0.0,13.0,13.0,677,2018
/players/S/SpriJe00.htm2018,Jeremy Sprinkle,WAS,24,te/wr,16,9,0.0,0.0,0.0,0.0,0.0,1.0,6.0,0.0,6.0,6.0,47,2018
/players/S/SullTr01.htm2018,Tre Sullivan,PHI,24,s,12,1,1.0,0.0,0.0,0.0,0.0,0.0,0.0,0.0,0.0,0.0,0,2018
/players/T/ThomLo00.htm2018,Logan Thomas,BUF,27,te,12,3,0.0,0.0,0.0,0.0,0.0,1.0,23.0,0.0,23.0,23.0,100,2018
/players/T/ThomMi02.htm2018,Michael Thomas,NYG,28,db/s/ss,16,6,0.0,0.0,0.0,0.0,0.0,1.0,4.0,0.0,4.0,4.0,30,2018
/players/T/ThomRo05.htm2018,Roc Thomas,MIN,23,,5,0,0.0,0.0,0.0,0.0,0.0,1.0,20.0,0.0,20.0,20.0,71,2018
/players/T/ThomCh03.htm2018,Chris Thompson,WAS,28,,10,0,0.0,0.0,0.0,0.0,0.0,1.0,0.0,0.0,0.0,0.0,451,2018
/players/T/ThomCo02.htm2018,Corey Thompson,BUF,25,lb,6,1,0.0,0.0,0.0,0.0,0.0,1.0,0.0,0.0,0.0,0.0,0,2018
/players/T/TomlEr01.htm2018,Eric Tomlinson,NYJ,26,TE,15,12,0.0,0.0,0.0,0.0,0.0,1.0,10.0,0.0,10.0,10.0,82,2018
/players/V/ValdMa00.htm2018,Marquez Valdes-Scantling,GNB,24,WR,16,10,0.0,0.0,0.0,0.0,0.0,1.0,21.0,0.0,21.0,21.0,631,2018
/players/V/VallTa00.htm2018,Tanner Vallejo,CLE,24,lb,13,1,0.0,0.0,0.0,0.0,0.0,1.0,2.0,0.0,2.0,2.0,2,2018
/players/W/WareSp00.htm2018,Spencer Ware,KAN,27,rb,13,2,0.0,0.0,0.0,0.0,0.0,1.0,10.0,0.0,10.0,10.0,480,2018
/players/W/WeddEr99.htm2018,Eric Weddle,BAL,33,FS,16,16,1.0,18.0,0.0,18.0,18.0,0.0,0.0,0.0,0.0,0.0,18,2018
/players/W/WilkJo01.htm2018,Jordan Wilkins,IND,24,rb,16,3,0.0,0.0,0.0,0.0,0.0,1.0,7.0,0.0,7.0,7.0,428,2018
/players/W/WilsBr01.htm2018,Brandon Wilson,CIN,24,,16,0,0.0,0.0,0.0,0.0,0.0,1.0,-3.0,0.0,-3.0,-3.0,-3,2018
/players/W/WoodRo02.htm2018,Robert Woods,LAR,26,WR,16,16,0.0,0.0,0.0,0.0,0.0,1.0,0.0,0.0,0.0,0.0,1376,2018
