player_url,name,team,age,position,games_played,games_started,rush_attempts,rush_yards,rush_td,longest_run,yards_per_rush,yards_per_game,fumbles,year
/players/B/BellLe00.htm2017,Le'Veon Bell,PIT,25,RB,15,15,321,1291,9,27,4.0,86.1,3,2017
/players/M/McCoLe01.htm2017,LeSean McCoy,BUF,29,RB,16,16,287,1138,6,48,4.0,71.1,3,2017
/players/G/GordMe00.htm2017,Melvin Gordon,LAC,24,RB,16,16,284,1105,8,87,3.9,69.1,1,2017
/players/G/GurlTo01.htm2017,Todd Gurley,LAR,23,RB,15,15,279,1305,13,57,4.7,87.0,5,2017
/players/H/HowaJo00.htm2017,Jordan Howard,CHI,23,RB,16,16,276,1122,9,53,4.1,70.1,1,2017
/players/H/HuntKa00.htm2017,Kareem Hunt,KAN,22,RB,16,16,272,1327,8,69,4.9,82.9,1,2017
/players/F/FourLe00.htm2017,Leonard Fournette,JAX,22,RB,13,13,268,1040,9,90,3.9,80.0,2,2017
/players/G/GoreFr00.htm2017,Frank Gore,IND,34,RB,16,16,261,961,3,21,3.7,60.1,3,2017
/players/A/AndeC.00.htm2017,C.J. Anderson,DEN,26,RB,16,16,245,1007,3,40,4.1,62.9,1,2017
/players/E/ElliEz00.htm2017,Ezekiel Elliott,DAL,22,RB,10,10,242,983,7,30,4.1,98.3,1,2017
/players/H/HydeCa00.htm2017,Carlos Hyde,SFO,27,RB,16,16,240,938,8,61,3.9,58.6,2,2017
/players/M/MillLa01.htm2017,Lamar Miller,HOU,26,RB,16,13,238,888,3,21,3.7,55.5,1,2017
/players/I/IngrMa01.htm2017,Mark Ingram,NOR,28,RB,16,13,230,1124,12,72,4.9,70.3,3,2017
/players/M/MurrLa00.htm2017,Latavius Murray,MIN,27,RB,16,11,216,842,8,46,3.9,52.6,1,2017
/players/C/CollAl00.htm2017,Alex Collins,BAL,23,RB,15,12,212,973,6,50,4.6,64.9,4,2017
/players/A/AjayJa00.htm2017,Jay Ajayi,2TM,24,,14,8,208,873,1,71,4.2,62.4,3,2017
/players/L/LyncMa00.htm2017,Marshawn Lynch,OAK,31,RB,15,15,207,891,7,51,4.3,59.4,1,2017
/players/C/CrowIs00.htm2017,Isaiah Crowell,CLE,24,RB,16,16,206,853,2,59,4.1,53.3,1,2017
/players/S/StewJo00.htm2017,Jonathan Stewart,CAR,30,RB,15,10,198,680,6,60,3.4,45.3,3,2017
/players/F/FreeDe00.htm2017,Devonta Freeman,ATL,25,RB,14,14,196,865,7,44,4.4,61.8,4,2017
/players/M/MurrDe00.htm2017,DeMarco Murray,TEN,29,RB,15,15,184,659,6,75,3.6,43.9,1,2017
/players/L/LewiDi00.htm2017,Dion Lewis,NWE,27,RB,16,8,180,896,6,44,5.0,56.0,0,2017
/players/M/MixoJo00.htm2017,Joe Mixon,CIN,21,rb,14,7,178,626,4,25,3.5,44.7,3,2017
/players/P/PoweBi00.htm2017,Bilal Powell,NYJ,29,RB,15,10,178,772,5,75,4.3,51.5,1,2017
/players/H/HenrDe00.htm2017,Derrick Henry,TEN,23,rb,16,2,176,744,5,75,4.2,46.5,1,2017
/players/P/PeriSa00.htm2017,Samaje Perine,WAS,22,RB,16,8,175,603,1,30,3.4,37.7,2,2017
/players/B/BlouLe00.htm2017,LeGarrette Blount,PHI,31,RB,16,11,173,766,2,68,4.4,47.9,1,2017
/players/D/DarkOr00.htm2017,Orleans Darkwa,NYG,25,RB,15,11,171,751,5,75,4.4,50.1,1,2017
/players/A/AbduAm00.htm2017,Ameer Abdullah,DET,24,RB,14,11,165,552,4,34,3.3,39.4,2,2017
/players/C/ColeTe01.htm2017,Tevin Coleman,ATL,24,fb/rb,15,3,156,628,5,52,4.0,41.9,1,2017
/players/P/PeteAd01.htm2017,Adrian Peterson,2TM,32,,10,7,156,529,2,27,3.4,52.9,3,2017
/players/A/AlleJa01.htm2017,Javorius Allen,BAL,26,,16,0,153,591,4,37,3.9,36.9,0,2017
/players/W/WillJa06.htm2017,Jamaal Williams,GNB,22,rb,16,7,153,556,4,25,3.6,34.8,0,2017
/players/M/McKiJe00.htm2017,Jerick McKinnon,MIN,25,rb,16,1,150,570,3,58,3.8,35.6,3,2017
/players/N/NewtCa00.htm2017,Cam Newton,CAR,28,QB,16,16,139,754,6,69,5.4,47.1,9,2017
/players/M/MartDo00.htm2017,Doug Martin,TAM,28,RB,11,8,138,406,3,27,2.9,36.9,1,2017
/players/D/DrakKe00.htm2017,Kenyan Drake,MIA,23,rb,16,6,133,644,3,66,4.8,40.3,2,2017
/players/K/KamaAl00.htm2017,Alvin Kamara,NOR,22,fb/rb,16,3,120,728,8,74,6.1,45.5,1,2017
/players/W/WillKe05.htm2017,Kerwynn Williams,ARI,26,rb,16,6,120,426,1,25,3.6,26.6,0,2017
/players/M/McCaCh01.htm2017,Christian McCaffrey,CAR,21,RB,16,10,117,435,2,40,3.7,27.2,2,2017
/players/M/MorrAl00.htm2017,Alfred Morris,DAL,29,rb,14,5,115,547,1,70,4.8,39.1,0,2017
/players/I/IvorCh00.htm2017,Chris Ivory,JAX,29,rb,14,3,112,382,1,34,3.4,27.3,2,2017
/players/G/GallWa00.htm2017,Wayne Gallman,NYG,23,rb,13,1,111,476,0,24,4.3,36.6,3,2017
/players/B/BarbPe01.htm2017,Peyton Barber,TAM,23,rb,16,4,108,423,3,34,3.9,26.4,2,2017
/players/B/BernGi00.htm2017,Giovani Bernard,CIN,26,rb,16,2,105,458,2,25,4.4,28.6,0,2017
/players/B/BreiMa00.htm2017,Matt Breida,SFO,22,,16,0,105,465,2,33,4.4,29.1,1,2017
/players/G/GillMi00.htm2017,Mike Gillislee,NWE,27,rb,9,2,104,383,5,16,3.7,42.6,1,2017
/players/F/FortMa00.htm2017,Matt Forte,NYJ,32,rb,12,4,103,381,2,20,3.7,31.8,1,2017
/players/W/WilsRu00.htm2017,Russell Wilson,SEA,29,QB,16,16,95,586,3,31,6.2,36.6,14,2017
/players/M/MackMa00.htm2017,Marlon Mack,IND,21,,14,0,93,358,3,35,3.8,25.6,1,2017
/players/M/McGuEl00.htm2017,Elijah McGuire,NYJ,23,rb,16,2,88,315,1,69,3.6,19.7,2,2017
/players/C/CoheTa00.htm2017,Tarik Cohen,CHI,22,rb/wr,16,4,87,370,2,46,4.3,23.1,3,2017
/players/R/RiddTh00.htm2017,Theo Riddick,DET,26,rb,16,5,84,286,3,21,3.4,17.9,1,2017
/players/T/TaylTy00.htm2017,Tyrod Taylor,BUF,28,QB,15,14,84,427,4,32,5.1,28.5,4,2017
/players/J/JohnDu00.htm2017,Duke Johnson,CLE,24,,16,0,82,348,4,19,4.2,21.8,4,2017
/players/J/JoneAa00.htm2017,Aaron Jones,GNB,23,rb,12,4,81,448,4,46,5.5,37.3,0,2017
/players/B/BookDe00.htm2017,Devontae Booker,DEN,25,,13,0,79,299,1,26,3.8,23.0,2,2017
/players/F/ForeDO00.htm2017,D'Onta Foreman,HOU,21,rb,10,1,78,327,2,39,4.2,32.7,2,2017
/players/K/KizeDe00.htm2017,DeShone Kizer,CLE,21,QB,15,15,77,419,5,20,5.4,27.9,9,2017
/players/C/ClemCo00.htm2017,Corey Clement,PHI,23,,16,0,74,321,4,28,4.3,20.1,0,2017
/players/C/CookDa01.htm2017,Dalvin Cook,MIN,22,rb,4,4,74,354,2,33,4.8,88.5,1,2017
/players/B/BlueAl00.htm2017,Alfred Blue,HOU,26,,11,0,71,262,1,48,3.7,23.8,0,2017
/players/M/MontTy01.htm2017,Ty Montgomery,GNB,24,rb,8,5,71,273,3,37,3.8,34.1,0,2017
/players/C/CharJa00.htm2017,Jamaal Charles,DEN,31,,14,0,69,296,1,19,4.3,21.1,2,2017
/players/L/LacyEd00.htm2017,Eddie Lacy,SEA,27,rb,9,3,69,179,0,19,2.6,19.9,0,2017
/players/D/DaviMi01.htm2017,Mike Davis,SEA,24,rb,6,6,68,240,0,33,3.5,40.0,0,2017
/players/T/TolbMi00.htm2017,Mike Tolbert,BUF,32,,12,0,66,247,1,25,3.7,20.6,2,2017
/players/B/BurkRe00.htm2017,Rex Burkhead,NWE,27,rb,10,3,64,264,5,31,4.1,26.4,1,2017
/players/R/RodgJa00.htm2017,Jacquizz Rodgers,TAM,27,rb,16,4,64,244,1,36,3.8,15.3,0,2017
/players/T/ThomCh03.htm2017,Chris Thompson,WAS,27,rb,10,1,64,294,2,61,4.6,29.4,3,2017
/players/W/WentCa00.htm2017,Carson Wentz,PHI,25,QB,13,13,64,299,0,24,4.7,23.0,9,2017
/players/B/BrisJa00.htm2017,Jacoby Brissett,IND,25,QB,16,15,63,260,4,25,4.1,16.3,8,2017
/players/B/BrowMa03.htm2017,Malcolm Brown,LAR,24,rb,11,1,63,246,1,20,3.9,22.4,1,2017
/players/K/KellRo00.htm2017,Robert Kelley,WAS,25,rb,7,7,62,194,3,21,3.1,27.7,0,2017
/players/M/MariMa01.htm2017,Marcus Mariota,TEN,24,QB,15,15,60,312,5,34,5.2,20.8,2,2017
/players/S/SmitAl03.htm2017,Alex Smith,KAN,33,QB,15,15,60,355,1,70,5.9,23.7,2,2017
/players/A/AustTa00.htm2017,Tavon Austin,LAR,27,WR,16,9,59,270,1,27,4.6,16.9,5,2017
/players/R/RawlTh00.htm2017,Thomas Rawls,SEA,24,rb,12,3,58,157,0,23,2.7,13.1,1,2017
/players/B/BortBl00.htm2017,Blake Bortles,JAX,25,QB,16,16,57,322,2,28,5.6,20.1,9,2017
/players/P/PresDa01.htm2017,Dak Prescott,DAL,24,QB,16,16,57,357,6,21,6.3,22.3,4,2017
/players/W/WashDe00.htm2017,DeAndre Washington,OAK,24,,15,0,57,153,2,11,2.7,10.2,2,2017
/players/R/RichJa01.htm2017,Jalen Richard,OAK,24,rb,16,1,56,275,1,52,4.9,17.2,8,2017
/players/S/SmitRo06.htm2017,Rod Smith,DAL,25,rb,15,1,55,232,4,45,4.2,15.5,0,2017
/players/C/CarsCh00.htm2017,Chris Carson,SEA,23,rb,4,3,49,208,0,30,4.2,52.0,0,2017
/players/C/CousKi00.htm2017,Kirk Cousins,WAS,29,QB,16,16,49,179,4,18,3.7,11.2,13,2017
/players/Y/YeldT.00.htm2017,T.J. Yeldon,JAX,24,,10,0,49,253,2,58,5.2,25.3,2,2017
/players/E/EkelAu00.htm2017,Austin Ekeler,LAC,22,,16,0,47,260,2,35,5.5,16.3,2,2017
/players/S/SmalWe00.htm2017,Wendell Smallwood,PHI,23,rb,8,3,47,174,1,26,3.7,21.8,0,2017
/players/M/McKiJ.00.htm2017,J.D. McKissic,SEA,24,rb,13,1,46,187,1,30,4.1,14.4,0,2017
/players/W/WillDa05.htm2017,Damien Williams,MIA,25,rb,11,4,46,181,0,69,3.9,16.5,0,2017
/players/J/JohnCh04.htm2017,Chris Johnson,ARI,32,rb,4,3,45,114,0,11,2.5,28.5,0,2017
/players/V/VereSh00.htm2017,Shane Vereen,NYG,28,,16,0,45,164,0,17,3.6,10.3,0,2017
/players/W/WhitJa02.htm2017,James White,NWE,25,rb,14,4,43,171,0,10,4.0,12.2,0,2017
/players/G/GreeTi00.htm2017,Tion Green,DET,24,,5,0,42,165,2,33,3.9,33.0,0,2017
/players/P/PerkPa00.htm2017,Paul Perkins,NYG,23,rb,11,4,41,90,0,14,2.2,8.2,0,2017
/players/T/TrubMi00.htm2017,Mitchell Trubisky,CHI,23,QB,12,12,41,248,2,46,6.0,20.7,10,2017
/players/K/KeenCa00.htm2017,Case Keenum,MIN,29,QB,15,14,40,160,1,22,4.0,10.7,1,2017
/players/W/WestTe00.htm2017,Terrance West,BAL,26,rb,5,4,39,138,2,13,3.5,27.6,1,2017
/players/D/DaltAn00.htm2017,Andy Dalton,CIN,30,QB,16,16,38,99,0,25,2.6,6.2,4,2017
/players/H/HillJe01.htm2017,Jeremy Hill,CIN,25,rb,7,7,37,116,0,13,3.1,16.6,1,2017
/players/M/McCoJo01.htm2017,Josh McCown,NYJ,38,QB,13,13,37,124,5,22,3.4,9.5,11,2017
/players/H/HundBr00.htm2017,Brett Hundley,GNB,24,QB,11,9,36,270,2,24,7.5,24.5,4,2017
/players/W/WatsDe00.htm2017,Deshaun Watson,HOU,22,qb,7,6,36,269,2,49,7.5,38.4,3,2017
/players/O/OlivBr01.htm2017,Branden Oliver,LAC,26,,8,0,35,83,0,26,2.4,10.4,0,2017
/players/B/BreeDr00.htm2017,Drew Brees,NOR,38,QB,16,16,33,12,2,7,0.4,0.8,5,2017
/players/W/WinsJa00.htm2017,Jameis Winston,TAM,23,QB,13,13,33,135,1,17,4.1,10.4,15,2017
/players/C/ConnJa00.htm2017,James Conner,PIT,22,,14,0,32,144,0,23,4.5,10.3,0,2017
/players/R/RyanMa00.htm2017,Matt Ryan,ATL,32,QB,16,16,32,143,0,16,4.5,8.9,4,2017
/players/P/PennEl00.htm2017,Elijhaa Penny,ARI,24,,16,0,31,124,2,14,4.0,7.8,0,2017
/players/S/SiemTr00.htm2017,Trevor Siemian,DEN,26,QB,11,10,31,127,1,15,4.1,11.5,5,2017
/players/G/GranCo00.htm2017,Corey Grant,JAX,26,,16,0,30,248,2,58,8.3,15.5,1,2017
/players/W/WardTe00.htm2017,Terron Ward,ATL,25,,14,0,30,129,0,17,4.3,9.2,1,2017
/players/S/StafMa00.htm2017,Matthew Stafford,DET,29,QB,16,16,29,98,0,15,3.4,6.1,11,2017
/players/G/GoffJa00.htm2017,Jared Goff,LAR,23,QB,15,15,28,51,1,22,1.8,3.4,8,2017
/players/R/RoetBe00.htm2017,Ben Roethlisberger,PIT,35,QB,15,15,28,47,0,14,1.7,3.1,3,2017
/players/B/BeatC.00.htm2017,C.J. Beathard,SFO,24,qb,7,5,26,136,3,16,5.2,19.4,3,2017
/players/R/RidlSt00.htm2017,Stevan Ridley,PIT,28,rb,2,1,26,108,1,21,4.2,54.0,0,2017
/players/B/BradTo00.htm2017,Tom Brady,NWE,40,QB,16,16,25,28,0,7,1.1,1.8,7,2017
/players/F/FlacJo00.htm2017,Joe Flacco,BAL,32,QB,16,16,25,54,1,25,2.2,3.4,6,2017
/players/R/RodgAa00.htm2017,Aaron Rodgers,GNB,34,qb,7,7,24,126,0,18,5.3,18.0,1,2017
/players/C/CadeTr00.htm2017,Travaris Cadet,2TM,28,,9,0,23,96,0,12,4.2,10.7,0,2017
/players/C/CarrDe02.htm2017,Derek Carr,OAK,26,QB,15,15,23,66,0,32,2.9,4.4,8,2017
/players/G/GabbBl00.htm2017,Blaine Gabbert,ARI,28,qb,5,5,23,82,0,12,3.6,16.4,7,2017
/players/T/TurbRo00.htm2017,Robert Turbin,IND,28,rb,6,1,23,53,1,7,2.3,8.8,0,2017
/players/B/BibbKa00.htm2017,Kapri Bibbs,WAS,24,,3,0,21,79,0,16,3.8,26.3,0,2017
/players/S/SimsCh00.htm2017,Charles Sims,TAM,27,,16,0,21,95,0,21,4.5,5.9,1,2017
/players/E/ElliAn00.htm2017,Andre Ellington,2TM,28,,12,2,20,55,1,14,2.8,4.6,0,2017
/players/W/WashDw00.htm2017,Dwayne Washington,DET,23,,5,0,20,44,0,6,2.2,8.8,0,2017
/players/C/CutlJa00.htm2017,Jay Cutler,MIA,34,QB,14,14,19,32,0,9,1.7,2.3,6,2017
/players/A/ArtiCa00.htm2017,Cameron Artis-Payne,CAR,27,,13,0,18,95,1,43,5.3,7.3,0,2017
/players/R/RivePh00.htm2017,Philip Rivers,LAC,36,QB,16,16,18,-2,0,8,-0.1,-0.1,8,2017
/players/W/WestCh01.htm2017,Charcandrick West,KAN,26,,13,0,18,72,2,21,4.0,5.5,1,2017
/players/H/HillTy00.htm2017,Tyreek Hill,KAN,23,WR,15,13,17,59,0,16,3.5,3.9,2,2017
/players/B/BarnKe00.htm2017,Kenjon Barner,PHI,27,rb,13,1,16,57,1,18,3.6,4.4,3,2017
/players/F/FitzRy00.htm2017,Ryan Fitzpatrick,TAM,35,qb,6,3,16,76,0,15,4.8,12.7,0,2017
/players/G/GaroJi00.htm2017,Jimmy Garoppolo,SFO,26,qb,6,5,15,11,1,8,0.7,1.8,1,2017
/players/S/SproDa00.htm2017,Darren Sproles,PHI,34,,3,0,15,61,0,12,4.1,20.3,1,2017
/players/O/OsweBr00.htm2017,Brock Osweiler,DEN,27,qb,6,4,14,64,1,18,4.6,10.7,2,2017
/players/P/PalmCa00.htm2017,Carson Palmer,ARI,38,qb,7,7,14,12,0,4,0.9,1.7,2,2017
/players/S/SherAn00.htm2017,Anthony Sherman,KAN,29,fb,16,3,14,40,1,9,2.9,2.5,0,2017
/players/W/WoodDa02.htm2017,Danny Woodhead,BAL,32,,8,0,14,56,0,10,4.0,7.0,0,2017
/players/Z/ZennZa00.htm2017,Zach Zenner,DET,26,,8,0,14,26,1,14,1.9,3.3,0,2017
/players/B/BenjTr00.htm2017,Travis Benjamin,LAC,28,wr,16,3,13,96,0,22,7.4,6.0,2,2017
/players/B/BoldBr00.htm2017,Brandon Bolden,NWE,27,,16,0,13,67,0,20,5.2,4.2,0,2017
/players/P/PattCo00.htm2017,Cordarrelle Patterson,OAK,26,wr,16,2,13,121,2,47,9.3,7.6,3,2017
/players/M/MannEl00.htm2017,Eli Manning,NYG,36,QB,15,15,12,26,1,14,2.2,1.7,11,2017
/players/D/DunbLa00.htm2017,Lance Dunbar,LAR,27,,4,0,11,51,1,12,4.6,12.8,0,2017
/players/F/FoleNi00.htm2017,Nick Foles,PHI,28,qb,7,3,11,3,0,9,0.3,0.4,6,2017
/players/H/HillBr02.htm2017,Brian Hill,2TM,22,,7,0,11,37,0,11,3.4,5.3,0,2017
/players/J/JohnDa08.htm2017,David Johnson,ARI,26,rb,1,1,11,23,0,6,2.1,23.0,2,2017
/players/P/ProsC.00.htm2017,C.J. Prosise,SEA,23,,5,0,11,23,0,8,2.1,4.6,0,2017
/players/G/GinnTe00.htm2017,Ted Ginn,NOR,32,WR,15,10,10,39,0,15,3.9,2.6,2,2017
/players/H/HogaKe00.htm2017,Kevin Hogan,CLE,25,qb,4,1,10,71,0,11,7.1,17.8,1,2017
/players/L/LockTy00.htm2017,Tyler Lockett,SEA,25,WR,16,8,10,58,0,22,5.8,3.6,0,2017
/players/C/CobbRa00.htm2017,Randall Cobb,GNB,27,WR,15,14,9,17,0,10,1.9,1.1,1,2017
/players/C/CookBr00.htm2017,Brandin Cooks,NWE,24,WR,16,15,9,40,0,13,4.4,2.5,0,2017
/players/C/CunnBe01.htm2017,Benny Cunningham,CHI,27,,14,0,9,29,0,12,3.2,2.1,1,2017
/players/E/EdmuTr00.htm2017,Trey Edmunds,NOR,23,,16,0,9,48,1,41,5.3,3.0,0,2017
/players/H/HoyeBr00.htm2017,Brian Hoyer,2TM,32,,11,6,9,4,1,9,0.4,0.4,3,2017
/players/M/MannSe00.htm2017,Sean Mannion,LAR,25,qb,5,1,9,-2,0,3,-0.2,-0.4,2,2017
/players/M/MarsBy01.htm2017,Byron Marshall,WAS,23,,4,0,9,32,0,11,3.6,8.0,0,2017
/players/O/OlawJa00.htm2017,Jamize Olawale,OAK,28,,12,0,9,43,1,11,4.8,3.6,1,2017
/players/S/StanDr00.htm2017,Drew Stanton,ARI,33,qb,5,4,9,7,0,5,0.8,1.4,3,2017
/players/W/WillAn00.htm2017,Andre Williams,LAC,25,,8,0,9,25,0,7,2.8,3.1,0,2017
/players/B/BrowMa02.htm2017,Mack Brown,2TM,26,,4,0,8,29,0,11,3.6,7.3,0,2017
/players/D/DiggSt00.htm2017,Stefon Diggs,MIN,24,WR,14,14,8,13,0,9,1.6,0.9,0,2017
/players/G/GabrTa00.htm2017,Taylor Gabriel,ATL,26,wr,16,4,8,49,0,15,6.1,3.1,0,2017
/players/H/HuntAk01.htm2017,Akeem Hunt,KAN,24,,15,0,8,23,0,11,2.9,1.5,0,2017
/players/J/JoneLa02.htm2017,Landry Jones,PIT,28,qb,3,1,8,-10,0,0,-1.3,-3.3,1,2017
/players/P/PerrSe00.htm2017,Senorise Perry,MIA,26,,16,0,8,30,0,12,3.8,1.9,0,2017
/players/T/TaylTa00.htm2017,Taywan Taylor,TEN,22,wr,16,4,8,43,0,17,5.4,2.7,0,2017
/players/W/WebbJo00.htm2017,Joe Webb,BUF,31,,16,0,8,54,0,22,6.8,3.4,0,2017
/players/C/CrowJa00.htm2017,Jamison Crowder,WAS,24,wr,15,6,7,34,0,11,4.9,2.3,6,2017
/players/H/HamxC.00.htm2017,C.J. Ham,MIN,24,fb,16,1,7,13,1,3,1.9,0.8,0,2017
/players/H/HendDe01.htm2017,De'Angelo Henderson,DEN,25,,5,0,7,13,0,5,1.9,2.6,0,2017
/players/J/JuszKy00.htm2017,Kyle Juszczyk,SFO,26,FB,14,10,7,31,0,12,4.4,2.2,2,2017
/players/L/LineZa01.htm2017,Zach Line,NOR,27,fb,12,4,7,28,0,9,4.0,2.3,0,2017
/players/M/MahoPa00.htm2017,Patrick Mahomes,KAN,22,qb,1,1,7,10,0,5,1.4,10.0,0,2017
/players/M/MurpMa03.htm2017,Marcus Murphy,BUF,26,,1,0,7,41,0,25,5.9,41.0,0,2017
/players/P/PeteNa00.htm2017,Nathan Peterman,BUF,23,qb,4,2,7,23,0,9,3.3,5.8,2,2017
/players/P/PettBr01.htm2017,Bryce Petty,NYJ,26,qb,4,3,7,55,0,24,7.9,13.8,1,2017
/players/S/StewAr00.htm2017,ArDarius Stewart,NYJ,24,wr,15,2,7,27,0,11,3.9,1.8,0,2017
/players/W/WhitFo00.htm2017,Fozzy Whittaker,CAR,28,,12,0,7,18,0,8,2.6,1.5,0,2017
/players/B/BryaMa00.htm2017,Martavis Bryant,PIT,26,WR,15,8,6,22,0,13,3.7,1.5,0,2017
/players/F/FostD.01.htm2017,D.J. Foster,ARI,24,,7,0,6,19,0,5,3.2,2.7,0,2017
/players/J/JanoAn00.htm2017,Andy Janovich,DEN,24,fb,16,4,6,12,1,4,2.0,0.8,0,2017
/players/M/MostRa00.htm2017,Raheem Mostert,SFO,25,,11,0,6,30,0,16,5.0,2.7,1,2017
/players/T/TousFi00.htm2017,Fitzgerald Toussaint,PIT,27,,6,0,6,25,0,7,4.2,4.2,0,2017
/players/W/WattDe00.htm2017,Derek Watt,LAC,25,fb,16,4,6,24,0,17,4.0,1.5,0,2017
/players/B/BohaTo00.htm2017,Tommy Bohanon,JAX,27,FB,16,10,5,5,2,3,1.0,0.3,0,2017
/players/C/CampMi02.htm2017,Michael Campanaro,BAL,26,,13,0,5,42,0,19,8.4,3.2,4,2017
/players/C/ClemKe00.htm2017,Kellen Clemens,LAC,34,,8,0,5,-5,0,-1,-1.0,-0.6,0,2017
/players/D/DayeMa00.htm2017,Matthew Dayes,CLE,23,,16,0,5,13,0,4,2.6,0.8,0,2017
/players/E/EricAl01.htm2017,Alex Erickson,CIN,25,,16,0,5,16,0,14,3.2,1.0,6,2017
/players/G/GrayMa00.htm2017,MarQueis Gray,MIA,28,,16,0,5,14,0,5,2.8,0.9,0,2017
/players/H/HennCh01.htm2017,Chad Henne,JAX,32,,2,0,5,-5,0,-1,-1.0,-2.5,0,2017
/players/J/JackAd00.htm2017,Adoree' Jackson,TEN,22,CB,16,16,5,55,0,20,11.0,3.4,1,2017
/players/J/JoneMa04.htm2017,Matt Jones,IND,24,,5,0,5,14,0,5,2.8,2.8,0,2017
/players/L/LyncPa00.htm2017,Paxton Lynch,DEN,23,qb,2,2,5,30,0,11,6.0,15.0,2,2017
/players/R/RipkAa00.htm2017,Aaron Ripkowski,GNB,25,fb,16,2,5,13,0,4,2.6,0.8,0,2017
/players/T/TateGo00.htm2017,Golden Tate,DET,29,WR,16,12,5,22,0,10,4.4,1.4,1,2017
/players/W/WatsTe00.htm2017,Terrell Watson,PIT,24,,10,0,5,8,0,3,1.6,0.8,0,2017
/players/Y/YateT.00.htm2017,T.J. Yates,HOU,30,qb,4,3,5,51,0,15,10.2,12.8,5,2017
/players/B/BurtMi00.htm2017,Michael Burton,CHI,25,fb,16,3,4,9,0,7,2.3,0.6,0,2017
/players/E/ErviTy00.htm2017,Tyler Ervin,HOU,24,,4,0,4,12,0,6,3.0,3.0,0,2017
/players/F/FaleDa00.htm2017,David Fales,MIA,27,,2,0,4,8,1,3,2.0,4.0,0,2017
/players/F/FlueDa00.htm2017,David Fluellen,TEN,25,,16,0,4,21,0,10,5.3,1.3,0,2017
/players/G/GlenMi00.htm2017,Mike Glennon,CHI,28,qb,4,4,4,4,0,2,1.0,1.0,5,2017
/players/G/GoodMa00.htm2017,Marquise Goodwin,SFO,27,WR,16,16,4,44,0,18,11.0,2.8,0,2017
/players/M/MallRy00.htm2017,Ryan Mallett,BAL,29,,2,0,4,-3,0,0,-0.8,-1.5,1,2017
/players/M/MaysDe00.htm2017,Devante Mays,GNB,23,,8,0,4,1,0,2,0.3,0.1,2,2017
/players/S/SamuCu00.htm2017,Curtis Samuel,CAR,21,rb/wr,9,4,4,64,0,31,16.0,7.1,0,2017
/players/S/SanuMo00.htm2017,Mohamed Sanu,ATL,28,WR,15,15,4,10,0,4,2.5,0.7,0,2017
/players/S/SavaTo00.htm2017,Tom Savage,HOU,27,qb,8,7,4,2,0,3,0.5,0.3,8,2017
/players/S/ShepSt00.htm2017,Sterling Shepard,NYG,24,WR,11,10,4,4,0,12,1.0,0.4,1,2017
/players/S/SmitGe00.htm2017,Geno Smith,NYG,27,qb,2,1,4,12,0,10,3.0,6.0,2,2017
/players/S/SwitRy00.htm2017,Ryan Switzer,DAL,23,,16,0,4,5,0,3,1.3,0.3,1,2017
/players/A/AndeRo04.htm2017,Robby Anderson,NYJ,24,WR,16,15,3,9,0,7,3.0,0.6,0,2017
/players/B/BridTe00.htm2017,Teddy Bridgewater,MIN,25,,1,0,3,-3,0,-1,-1.0,-3.0,0,2017
/players/C/ClayKa00.htm2017,Kaelin Clay,2TM,25,,13,2,3,27,0,29,9.0,2.1,3,2017
/players/D/DaniCh00.htm2017,Chase Daniel,NOR,31,,1,0,3,-2,0,0,-0.7,-2.0,0,2017
/players/D/DaniLe00.htm2017,LeShun Daniels,WAS,22,,4,0,3,14,0,8,4.7,3.5,0,2017
/players/E/ElliBr00.htm2017,Bruce Ellington,HOU,26,wr,11,6,3,17,0,13,5.7,1.5,1,2017
/players/G/GranJa00.htm2017,Jakeem Grant,MIA,25,,16,0,3,12,0,7,4.0,0.8,2,2017
/players/H/HogaCh00.htm2017,Chris Hogan,NWE,29,wr,9,7,3,17,0,13,5.7,1.9,0,2017
/players/J/JackDe00.htm2017,DeSean Jackson,TAM,31,WR,14,13,3,38,0,23,12.7,2.7,0,2017
/players/M/MoorMa01.htm2017,Matt Moore,MIA,33,qb,4,2,3,9,0,7,3.0,2.3,0,2017
/players/N/NelsJJ00.htm2017,JJ Nelson,ARI,25,wr,16,5,3,37,0,16,12.3,2.3,1,2017
/players/N/NixxRo01.htm2017,Roosevelt Nix,PIT,25,fb/rb,16,4,3,0,1,1,0.0,0.0,0,2017
/players/R/ReedBe01.htm2017,Bernard Reedy,2TM,26,,11,0,3,17,0,10,5.7,1.5,1,2017
/players/R/RogeCh02.htm2017,Chester Rogers,IND,23,wr,11,4,3,8,0,7,2.7,0.7,0,2017
/players/W/WilsAl02.htm2017,Albert Wilson,KAN,25,wr,13,7,3,6,0,6,2.0,0.5,0,2017
/players/W/WilsJe00.htm2017,Jesus Wilson,TAM,22,wr,3,1,3,8,0,8,2.7,2.7,0,2017
/players/A/AgneJa00.htm2017,Jamal Agnew,DET,22,,13,0,2,9,0,5,4.5,0.7,3,2017
/players/A/AlleKe00.htm2017,Keenan Allen,LAC,25,WR,16,15,2,9,0,6,4.5,0.6,1,2017
/players/A/AndeDe00.htm2017,Derek Anderson,CAR,34,,3,0,2,-2,0,-1,-1.0,-0.7,0,2017
/players/B/BaldDo00.htm2017,Doug Baldwin,SEA,29,WR,16,16,2,-8,0,-3,-4.0,-0.5,0,2017
/players/B/BradSa00.htm2017,Sam Bradford,MIN,30,qb,2,2,2,-3,0,-1,-1.5,-1.5,0,2017
/players/C/ColeDe00.htm2017,Derrick Coleman,ATL,27,fb,16,7,2,8,0,5,4.0,0.5,0,2017
/players/D/DaviTr03.htm2017,Trevor Davis,GNB,24,,16,0,2,13,0,9,6.5,0.8,0,2017
/players/D/DiMaPa00.htm2017,Patrick DiMarco,BUF,28,FB/rb,16,9,2,-2,0,0,-1.0,-0.1,0,2017
/players/F/FowlJa00.htm2017,Jalston Fowler,TEN,27,fb,10,1,2,4,1,3,2.0,0.4,0,2017
/players/F/FullWi01.htm2017,Will Fuller,HOU,23,WR,10,10,2,9,0,5,4.5,0.9,0,2017
/players/H/HeywDa00.htm2017,Darrius Heyward-Bey,PIT,30,,16,0,2,32,1,29,16.0,2.0,0,2017
/players/K/KelcTr00.htm2017,Travis Kelce,KAN,28,TE,15,15,2,7,0,4,3.5,0.5,0,2017
/players/K/KingMa00.htm2017,Marquette King,OAK,29,P,16,0,2,-14,0,-3,-7.0,-0.9,0,2017
/players/K/KingTa00.htm2017,Tavarres King,NYG,27,wr,8,3,2,3,0,11,1.5,0.4,0,2017
/players/L/LewiTo00.htm2017,Tommylee Lewis,NOR,25,,15,0,2,14,0,8,7.0,0.9,1,2017
/players/M/MaloJo00.htm2017,Josh Malone,CIN,21,wr,11,7,2,2,0,4,1.0,0.2,0,2017
/players/M/ManuEJ00.htm2017,EJ Manuel,OAK,27,qb,2,1,2,15,0,10,7.5,7.5,0,2017
/players/M/MaylVi00.htm2017,Vince Mayle,BAL,26,,16,0,2,2,1,2,1.0,0.1,0,2017
/players/M/MoorCh00.htm2017,Chris Moore,BAL,24,wr,13,4,2,-9,0,-4,-4.5,-0.7,0,2017
/players/P/PaulNi00.htm2017,Niles Paul,WAS,28,te/wr,14,8,2,4,0,5,2.0,0.3,0,2017
/players/R/RushCo00.htm2017,Cooper Rush,DAL,24,,2,0,2,13,0,15,6.5,6.5,0,2017
/players/S/ShepRu00.htm2017,Russell Shepard,CAR,27,wr,15,3,2,19,0,11,9.5,1.3,1,2017
/players/S/SpilC.00.htm2017,C.J. Spiller,KAN,30,,1,0,2,0,0,1,0.0,0.0,0,2017
/players/T/ThomLa04.htm2017,Lawrence Thomas,NYJ,24,fb/rb,14,4,2,1,0,1,0.5,0.1,0,2017
/players/T/ThomDe04.htm2017,Deonte Thompson,2TM,28,,16,10,2,-5,0,0,-2.5,-0.3,1,2017
/players/T/TolzSc00.htm2017,Scott Tolzien,IND,30,qb,1,1,2,2,0,3,1.0,2.0,1,2017
/players/W/WalkHu00.htm2017,Delanie Walker,TEN,33,TE,16,11,2,-2,1,1,-1.0,-0.1,2,2017
/players/W/WillCh05.htm2017,Chad Williams,ARI,23,wr,6,1,2,33,0,33,16.5,5.5,0,2017
/players/W/WillMa04.htm2017,Maxx Williams,BAL,23,te/wr,11,8,2,6,0,4,3.0,0.5,1,2017
/players/W/WillTe01.htm2017,Terrance Williams,DAL,28,WR,16,14,2,15,0,9,7.5,0.9,0,2017
/players/W/WoodRo02.htm2017,Robert Woods,LAR,25,WR,12,11,2,12,0,8,6.0,1.0,1,2017
/players/A/AghoNe00.htm2017,Nelson Agholor,PHI,24,WR,16,10,1,7,0,7,7.0,0.4,0,2017
/players/B/BeckOd00.htm2017,Odell Beckham,NYG,25,wr,4,2,1,8,0,8,8.0,2.0,0,2017
/players/B/BellJo02.htm2017,Josh Bellamy,CHI,28,wr,15,7,1,6,0,6,6.0,0.4,0,2017
/players/B/BerhNa00.htm2017,Nat Berhe,NYG,26,,15,0,1,2,0,2,2.0,0.1,0,2017
/players/B/BoshMa00.htm2017,Matthew Bosher,ATL,30,P,16,0,1,0,0,0,0.0,0.0,0,2017
/players/B/BrayTy00.htm2017,Tyler Bray,KAN,26,,1,0,1,0,0,0,0.0,0.0,1,2017
/players/B/BrowJo02.htm2017,John Brown,ARI,27,wr,10,5,1,10,0,10,10.0,1.0,0,2017
/players/B/BryaDe01.htm2017,Dez Bryant,DAL,29,WR,16,16,1,-4,0,-4,-4.0,-0.3,1,2017
/players/B/ByrdDa00.htm2017,Damiere Byrd,CAR,24,wr,8,3,1,12,0,12,12.0,1.5,0,2017
/players/C/CoopAm00.htm2017,Amari Cooper,OAK,23,WR,14,12,1,4,0,4,4.0,0.3,1,2017
/players/C/CoopPh00.htm2017,Pharoh Cooper,LAR,22,wr,16,1,1,6,0,6,6.0,0.4,3,2017
/players/D/DaviAu00.htm2017,Austin Davis,SEA,28,,3,0,1,-1,0,-1,-1.0,-0.3,0,2017
/players/D/DaviJu00.htm2017,Justin Davis,LAR,22,,4,0,1,1,0,1,1.0,0.3,0,2017
/players/D/DoctJo00.htm2017,Josh Doctson,WAS,25,WR,16,14,1,-14,0,-14,-14.0,-0.9,0,2017
/players/D/DorsPh00.htm2017,Phillip Dorsett,NWE,24,wr,15,2,1,7,0,7,7.0,0.5,0,2017
/players/E/EbneNa00.htm2017,Nate Ebner,NWE,29,,9,0,1,14,0,14,14.0,1.6,1,2017
/players/E/EngrEv00.htm2017,Evan Engram,NYG,23,TE,15,11,1,14,0,14,14.0,0.9,0,2017
/players/E/EverGe00.htm2017,Gerald Everett,LAR,23,te,16,2,1,13,0,13,13.0,0.8,1,2017
/players/F/FergJo02.htm2017,Josh Ferguson,IND,24,,10,0,1,5,0,5,5.0,0.5,0,2017
/players/G/GollKe00.htm2017,Kenny Golladay,DET,24,k/wr,11,5,1,9,0,9,9.0,0.8,0,2017
/players/H/HeinTa00.htm2017,Taylor Heinicke,HOU,24,,1,0,1,2,0,2,2.0,2.0,0,2017
/players/H/HiggRa00.htm2017,Rashard Higgins,CLE,23,fb/wr,15,4,1,4,0,4,4.0,0.3,1,2017
/players/H/HillBr01.htm2017,Bronson Hill,ARI,24,,2,0,1,-2,0,-2,-2.0,-1.0,0,2017
/players/H/HillJo02.htm2017,Josh Hill,NOR,27,TE,16,11,1,-8,0,-8,-8.0,-0.5,2,2017
/players/H/HollJa03.htm2017,Jacob Hollister,NWE,24,te,15,1,1,5,0,5,5.0,0.3,0,2017
/players/H/HumpAd00.htm2017,Adam Humphries,TAM,24,wr,16,3,1,6,0,6,6.0,0.4,1,2017
/players/J/JoneCh02.htm2017,Chris Jones,DAL,28,P,16,0,1,24,0,24,24.0,1.5,0,2017
/players/J/JoneJu02.htm2017,Julio Jones,ATL,28,WR,16,16,1,15,0,15,15.0,0.9,0,2017
/players/K/KessCo00.htm2017,Cody Kessler,CLE,24,,3,0,1,-1,0,-1,-1.0,-0.3,0,2017
/players/K/KuhnJo00.htm2017,John Kuhn,NOR,35,fb,2,1,1,2,0,2,2.0,1.0,0,2017
/players/L/LandJa00.htm2017,Jarvis Landry,MIA,25,WR,16,16,1,-7,0,-7,-7.0,-0.4,4,2017
/players/L/LeexMa00.htm2017,Marqise Lee,JAX,26,WR,14,14,1,17,0,17,17.0,1.2,1,2017
/players/L/LutzWi00.htm2017,Wil Lutz,NOR,23,K,16,0,1,4,0,4,4.0,0.3,0,2017
/players/M/MattRi00.htm2017,Rishard Matthews,TEN,28,WR,14,11,1,-3,0,-3,-3.0,-0.2,0,2017
/players/M/McFaDa00.htm2017,Darren McFadden,DAL,30,,1,0,1,-2,0,-2,-2.0,-2.0,0,2017
/players/M/McKeIs00.htm2017,Isaiah McKenzie,DEN,22,,11,0,1,4,0,4,4.0,0.4,6,2017
/players/M/MillBr03.htm2017,Braxton Miller,HOU,25,wr,11,3,1,1,0,1,1.0,0.1,0,2017
/players/N/NatsJo00.htm2017,Jojo Natson,NYJ,23,,7,0,1,15,0,15,15.0,2.1,1,2017
/players/N/NjokDa00.htm2017,David Njoku,CLE,21,te,16,5,1,1,0,1,1.0,0.1,0,2017
/players/R/RainBo00.htm2017,Bobby Rainey,BAL,30,,4,0,1,2,0,2,2.0,0.5,0,2017
/players/R/RaymKa00.htm2017,Kalif Raymond,2TM,23,,8,0,1,-1,0,0,-1.0,-0.1,5,2017
/players/R/RedfKa00.htm2017,Kasey Redfern,DET,26,p,1,0,1,10,0,10,10.0,10.0,1,2017
/players/R/RossJo00.htm2017,John Ross,CIN,23,wr,3,1,1,12,0,12,12.0,4.0,1,2017
/players/S/SmitTo02.htm2017,Torrey Smith,PHI,28,WR,16,14,1,-3,0,-3,-3.0,-0.2,0,2017
/players/S/SudfNa00.htm2017,Nate Sudfeld,PHI,24,,1,0,1,22,0,22,22.0,22.0,0,2017
/players/T/ThieAd00.htm2017,Adam Thielen,MIN,27,WR,16,16,1,11,0,11,11.0,0.7,3,2017
/players/T/ThomDe05.htm2017,De'Anthony Thomas,KAN,24,wr,16,2,1,4,0,4,4.0,0.3,1,2017
/players/T/TregBr00.htm2017,Bryce Treggs,CLE,23,wr,6,1,1,6,0,6,6.0,1.0,1,2017
/players/W/WallMi00.htm2017,Mike Wallace,BAL,31,WR,15,14,1,4,0,4,4.0,0.3,0,2017
/players/W/WeemEr00.htm2017,Eric Weems,TEN,32,,16,0,1,0,0,0,0.0,0.0,0,2017
/players/W/WhitJe02.htm2017,Jermaine Whitehead,GNB,24,,10,0,1,7,0,7,7.0,0.7,0,2017
/players/W/WillKy20.htm2017,Kyle Williams,BUF,34,LDT/rdt,16,16,1,1,1,1,1.0,0.1,0,2017
