player_url,name,team,age,position,games_played,games_started,rush_attempts,rush_yards,rush_td,longest_run,yards_per_rush,yards_per_game,fumbles,year
/players/E/ElliEz00.htm2018,Ezekiel Elliott,DAL,23,RB,15,15,304,1434,6,41,4.7,95.6,6,2018
/players/B/BarkSa00.htm2018,Saquon Barkley,NYG,21,RB,16,16,261,1307,11,78,5.0,81.7,0,2018
/players/J/JohnDa08.htm2018,David Johnson,ARI,27,RB,16,16,258,940,7,53,3.6,58.8,3,2018
/players/G/GurlTo01.htm2018,Todd Gurley,LAR,24,RB,14,14,256,1251,17,36,4.9,89.4,1,2018
/players/P/PeteAd01.htm2018,Adrian Peterson,WAS,33,RB,16,16,251,1042,7,90,4.2,65.1,3,2018
/players/H/HowaJo00.htm2018,Jordan Howard,CHI,24,RB,16,15,250,935,9,42,3.7,58.4,2,2018
/players/C/CarsCh00.htm2018,Chris Carson,SEA,24,RB,14,14,247,1151,9,61,4.7,82.2,3,2018
/players/M/MixoJo00.htm2018,Joe Mixon,CIN,22,RB,14,13,237,1168,8,51,4.9,83.4,0,2018
/players/B/BarbPe01.htm2018,Peyton Barber,TAM,24,RB,16,16,234,871,5,28,3.7,54.4,1,2018
/players/M/McCaCh01.htm2018,Christian McCaffrey,CAR,22,RB,16,16,219,1098,7,59,5.0,68.6,4,2018
/players/C/ConnJa00.htm2018,James Conner,PIT,23,RB,13,12,215,973,12,30,4.5,74.8,4,2018
/players/H/HenrDe00.htm2018,Derrick Henry,TEN,24,RB,16,12,215,1059,12,99,4.9,66.2,1,2018
/players/M/MillLa01.htm2018,Lamar Miller,HOU,27,RB,14,14,210,973,5,97,4.6,69.5,1,2018
/players/M/MichSo00.htm2018,Sony Michel,NWE,23,RB,13,8,209,931,6,34,4.5,71.6,1,2018
/players/M/MackMa00.htm2018,Marlon Mack,IND,22,RB,12,10,195,908,9,49,4.7,75.7,2,2018
/players/K/KamaAl00.htm2018,Alvin Kamara,NOR,23,RB,15,13,194,883,14,49,4.6,58.9,1,2018
/players/C/ChubNi00.htm2018,Nick Chubb,CLE,23,RB,16,9,192,996,8,92,5.2,62.3,0,2018
/players/L/LindPh00.htm2018,Phillip Lindsay,DEN,24,RB,15,8,192,1037,9,65,5.4,69.1,0,2018
/players/H/HuntKa00.htm2018,Kareem Hunt,KAN,23,RB,11,11,181,824,7,45,4.6,74.9,0,2018
/players/G/GordMe00.htm2018,Melvin Gordon,LAC,25,RB,12,12,175,885,10,34,5.1,73.8,1,2018
/players/H/HydeCa00.htm2018,Carlos Hyde,2TM,28,,14,7,172,571,5,22,3.3,40.8,2,2018
/players/M/MartDo00.htm2018,Doug Martin,OAK,29,RB,16,9,172,723,4,29,4.2,45.2,3,2018
/players/C/ColeTe01.htm2018,Tevin Coleman,ATL,25,RB,16,14,167,800,4,65,4.8,50.0,2,2018
/players/M/McCoLe01.htm2018,LeSean McCoy,BUF,30,RB,14,13,161,514,3,28,3.2,36.7,0,2018
/players/G/GoreFr00.htm2018,Frank Gore,MIA,35,RB,14,14,156,722,0,39,4.6,51.6,1,2018
/players/L/LewiDi00.htm2018,Dion Lewis,TEN,28,rb,16,7,155,517,1,36,3.3,32.3,1,2018
/players/B/BlouLe00.htm2018,LeGarrette Blount,DET,32,RB,16,8,154,418,5,27,2.7,26.1,2,2018
/players/B/BreiMa00.htm2018,Matt Breida,SFO,23,RB,14,13,153,814,3,66,5.3,58.1,1,2018
/players/B/BlueAl00.htm2018,Alfred Blue,HOU,27,rb,16,2,150,499,2,17,3.3,31.2,0,2018
/players/J/JackLa00.htm2018,Lamar Jackson,BAL,21,qb,16,7,147,695,5,39,4.7,43.4,12,2018
/players/C/CrowIs00.htm2018,Isaiah Crowell,NYJ,25,rb,13,6,143,685,6,77,4.8,52.7,0,2018
/players/M/MurrLa00.htm2018,Latavius Murray,MIN,28,rb,16,6,140,578,6,38,4.1,36.1,0,2018
/players/I/IngrMa01.htm2018,Mark Ingram,NOR,29,rb,12,6,138,645,6,38,4.7,53.8,3,2018
/players/E/EdwaGu00.htm2018,Gus Edwards,BAL,23,rb,11,6,137,718,2,43,5.2,65.3,0,2018
/players/C/CookDa01.htm2018,Dalvin Cook,MIN,23,RB,11,10,133,615,2,70,4.6,55.9,2,2018
/players/F/FourLe00.htm2018,Leonard Fournette,JAX,23,RB,8,8,133,439,5,25,3.3,54.9,0,2018
/players/J/JoneAa00.htm2018,Aaron Jones,GNB,24,RB,12,8,133,728,8,67,5.5,60.7,1,2018
/players/F/FreeRo00.htm2018,Royce Freeman,DEN,22,RB,14,8,130,521,5,24,4.0,37.2,1,2018
/players/W/WillJa06.htm2018,Jamaal Williams,GNB,23,RB,16,8,121,464,3,20,3.8,29.0,0,2018
/players/A/AdamJo03.htm2018,Josh Adams,PHI,22,rb,14,5,120,511,3,29,4.3,36.5,1,2018
/players/D/DrakKe00.htm2018,Kenyan Drake,MIA,24,rb,16,7,120,535,4,54,4.5,33.4,2,2018
/players/J/JohnKe06.htm2018,Kerryon Johnson,DET,21,rb/wr,10,7,118,641,3,71,5.4,64.1,1,2018
/players/I/IvorCh00.htm2018,Chris Ivory,BUF,30,rb,13,1,115,385,1,21,3.3,29.6,1,2018
/players/C/CollAl00.htm2018,Alex Collins,BAL,24,RB,10,10,114,411,7,19,3.6,41.1,3,2018
/players/D/DaviMi01.htm2018,Mike Davis,SEA,25,rb,15,2,112,514,4,37,4.6,34.3,0,2018
/players/M/MorrAl00.htm2018,Alfred Morris,SFO,30,rb,12,1,111,428,2,51,3.9,35.7,2,2018
/players/E/EkelAu00.htm2018,Austin Ekeler,LAC,23,rb,14,3,106,554,3,41,5.2,39.6,1,2018
/players/Y/YeldT.00.htm2018,T.J. Yeldon,JAX,25,rb,14,5,104,414,1,20,4.0,29.6,1,2018
/players/N/NewtCa00.htm2018,Cam Newton,CAR,29,QB,14,14,101,488,4,29,4.8,34.9,6,2018
/players/C/CoheTa00.htm2018,Tarik Cohen,CHI,23,rb/wr,16,7,99,444,3,32,4.5,27.8,7,2018
/players/W/WatsDe00.htm2018,Deshaun Watson,HOU,23,QB,16,16,99,551,5,34,5.6,34.4,9,2018
/players/W/WhitJa02.htm2018,James White,NWE,26,rb,16,3,94,425,5,27,4.5,26.6,0,2018
/players/M/McGuEl00.htm2018,Elijah McGuire,NYJ,24,rb,8,3,92,276,3,34,3.0,34.5,2,2018
/players/L/LyncMa00.htm2018,Marshawn Lynch,OAK,32,rb,6,6,90,376,3,52,4.2,62.7,0,2018
/players/S/SmitIt00.htm2018,Ito Smith,ATL,23,,14,0,90,315,4,18,3.5,22.5,1,2018
/players/A/AlleJo02.htm2018,Josh Allen,BUF,22,QB,12,11,89,631,8,45,7.1,52.6,8,2018
/players/S/SmalWe00.htm2018,Wendell Smallwood,PHI,24,rb,16,6,87,364,3,15,4.2,22.8,2,2018
/players/H/HineNy00.htm2018,Nyheim Hines,IND,22,rb,16,4,85,314,2,18,3.7,19.6,1,2018
/players/P/PennRa00.htm2018,Rashaad Penny,SEA,22,,14,0,85,419,2,38,4.9,29.9,0,2018
/players/P/PoweBi00.htm2018,Bilal Powell,NYJ,30,rb,7,7,80,343,0,38,4.3,49.0,2,2018
/players/P/PresDa01.htm2018,Dak Prescott,DAL,25,QB,16,16,75,305,6,28,4.1,19.1,12,2018
/players/C/ClemCo00.htm2018,Corey Clement,PHI,24,,11,0,68,259,2,32,3.8,23.5,4,2018
/players/T/TrubMi00.htm2018,Mitchell Trubisky,CHI,24,QB,14,14,68,421,3,39,6.2,30.1,6,2018
/players/A/AndeC.00.htm2018,C.J. Anderson,2TM,27,,11,3,67,403,2,46,6.0,36.6,0,2018
/players/W/WilsRu00.htm2018,Russell Wilson,SEA,30,QB,16,16,67,376,0,40,5.6,23.5,10,2018
/players/W/WilsJe01.htm2018,Jeff Wilson,SFO,23,rb,6,2,66,266,0,18,4.0,44.3,3,2018
/players/M/MariMa01.htm2018,Marcus Mariota,TEN,25,QB,14,13,64,357,2,27,5.6,25.5,9,2018
/players/D/DixoKe00.htm2018,Kenneth Dixon,BAL,24,,6,0,60,333,2,37,5.6,55.5,2,2018
/players/E/EdmoCh00.htm2018,Chase Edmonds,ARI,22,,16,0,60,208,2,29,3.5,13.0,1,2018
/players/M/MahoPa00.htm2018,Patrick Mahomes,KAN,23,QB,16,16,60,272,2,28,4.5,17.0,9,2018
/players/W/WilkJo01.htm2018,Jordan Wilkins,IND,24,rb,16,3,60,336,1,53,5.6,21.0,2,2018
/players/B/BortBl00.htm2018,Blake Bortles,JAX,26,QB,13,12,58,365,1,41,6.3,28.1,8,2018
/players/B/BurkRe00.htm2018,Rex Burkhead,NWE,28,rb/wr,8,4,57,186,0,12,3.3,23.3,2,2018
/players/B/BernGi00.htm2018,Giovani Bernard,CIN,27,rb,12,4,56,211,3,23,3.8,17.6,0,2018
/players/S/SamuJa00.htm2018,Jaylen Samuels,PIT,22,rb,14,3,56,256,0,25,4.6,18.3,1,2018
/players/R/RichJa01.htm2018,Jalen Richard,OAK,25,rb,16,1,55,259,1,30,4.7,16.2,3,2018
/players/Z/ZennZa00.htm2018,Zach Zenner,DET,27,rb,8,1,55,265,3,29,4.8,33.1,0,2018
/players/M/MurpMa03.htm2018,Marcus Murphy,BUF,27,rb,11,1,52,250,0,30,4.8,22.7,1,2018
/players/G/GallWa00.htm2018,Wayne Gallman,NYG,24,rb,15,2,51,176,1,9,3.5,11.7,2,2018
/players/W/WareSp00.htm2018,Spencer Ware,KAN,27,rb,13,2,51,246,2,34,4.8,18.9,0,2018
/players/J/JackJu01.htm2018,Justin Jackson,LAC,23,rb,13,1,50,206,2,20,4.1,15.8,0,2018
/players/W/WillDa05.htm2018,Damien Williams,KAN,26,rb,16,3,50,256,4,25,5.1,16.0,1,2018
/players/W/WinsJa00.htm2018,Jameis Winston,TAM,24,QB,11,9,49,281,1,18,5.7,25.5,7,2018
/players/L/LuckAn00.htm2018,Andrew Luck,IND,29,QB,16,16,46,148,0,33,3.2,9.3,6,2018
/players/A/AjayJa00.htm2018,Jay Ajayi,PHI,25,rb,4,3,45,184,3,20,4.1,46.0,1,2018
/players/C/CousKi00.htm2018,Kirk Cousins,MIN,30,QB,16,16,44,123,1,19,2.8,7.7,9,2018
/players/D/DarnSa00.htm2018,Sam Darnold,NYJ,21,QB,13,13,44,138,1,28,3.1,10.6,5,2018
/players/S/SmitRo06.htm2018,Rod Smith,DAL,26,rb,16,1,44,127,1,14,2.9,7.9,0,2018
/players/B/BrowMa03.htm2018,Malcolm Brown,LAR,25,,12,0,43,212,0,19,4.9,17.7,0,2018
/players/G/GoffJa00.htm2018,Jared Goff,LAR,24,QB,16,16,43,108,2,16,2.5,6.8,12,2018
/players/R/RodgAa00.htm2018,Aaron Rodgers,GNB,35,QB,16,16,43,269,2,23,6.3,16.8,6,2018
/players/T/ThomCh03.htm2018,Chris Thompson,WAS,28,,10,0,43,178,0,16,4.1,17.8,1,2018
/players/P/PattCo00.htm2018,Cordarrelle Patterson,NWE,27,rb/wr,15,5,42,228,1,27,5.4,15.2,1,2018
/players/A/AlleJa01.htm2018,Javorius Allen,BAL,27,,14,0,41,110,3,17,2.7,7.9,1,2018
/players/M/MontTy01.htm2018,Ty Montgomery,2TM,25,,13,0,41,188,1,16,4.6,14.5,2,2018
/players/S/SmitAl03.htm2018,Alex Smith,WAS,34,QB,10,10,41,168,1,22,4.1,16.8,6,2018
/players/J/JohnDu00.htm2018,Duke Johnson,CLE,25,rb,16,2,40,201,0,23,5.0,12.6,1,2018
/players/R/RiddTh00.htm2018,Theo Riddick,DET,27,wr,14,3,40,171,0,19,4.3,12.2,0,2018
/players/M/MayfBa00.htm2018,Baker Mayfield,CLE,23,QB,14,13,39,131,0,35,3.4,9.4,7,2018
/players/C/CannTr00.htm2018,Trenton Cannon,NYJ,24,,16,0,38,113,1,21,3.0,7.1,0,2018
/players/H/HillTa00.htm2018,Taysom Hill,NOR,28,te/wr,16,4,37,196,2,35,5.3,12.3,1,2018
/players/B/BallKa00.htm2018,Kalen Ballage,MIA,23,,12,0,36,191,1,75,5.3,15.9,1,2018
/players/F/FitzRy00.htm2018,Ryan Fitzpatrick,TAM,36,qb,8,7,36,152,2,18,4.2,19.0,4,2018
/players/B/BookDe00.htm2018,Devontae Booker,DEN,26,,16,0,34,183,1,26,5.4,11.4,1,2018
/players/M/MostRa00.htm2018,Raheem Mostert,SFO,26,,9,0,34,261,1,52,7.7,29.0,1,2018
/players/W/WentCa00.htm2018,Carson Wentz,PHI,26,QB,11,11,34,93,0,13,2.7,8.5,9,2018
/players/R/RodgJa00.htm2018,Jacquizz Rodgers,TAM,28,,16,0,33,106,1,20,3.2,6.6,1,2018
/players/R/RyanMa00.htm2018,Matt Ryan,ATL,33,QB,16,16,33,125,3,15,3.8,7.8,10,2018
/players/T/TannRy00.htm2018,Ryan Tannehill,MIA,30,QB,11,11,32,145,0,20,4.5,13.2,5,2018
/players/B/BreeDr00.htm2018,Drew Brees,NOR,39,QB,15,15,31,22,4,11,0.7,1.5,5,2018
/players/R/RoetBe00.htm2018,Ben Roethlisberger,PIT,36,QB,16,16,31,98,3,18,3.2,6.1,7,2018
/players/W/WashDe00.htm2018,DeAndre Washington,OAK,25,,10,0,30,115,0,13,3.8,11.5,1,2018
/players/R/RidlSt00.htm2018,Stevan Ridley,PIT,29,,10,0,29,80,1,12,2.8,8.0,2,2018
/players/S/SproDa00.htm2018,Darren Sproles,PHI,35,rb,6,2,29,120,1,17,4.1,20.0,0,2018
/players/K/KellJo00.htm2018,John Kelly,LAR,22,,4,0,27,74,0,7,2.7,18.5,0,2018
/players/W/WashDw00.htm2018,Dwayne Washington,NOR,24,,13,0,27,154,0,28,5.7,11.8,0,2018
/players/K/KeenCa00.htm2018,Case Keenum,DEN,30,QB,16,16,26,93,2,17,3.6,5.8,11,2018
/players/D/DrisJe00.htm2018,Jeff Driskel,CIN,25,qb,9,5,25,130,2,27,5.2,14.4,4,2018
/players/S/StafMa00.htm2018,Matthew Stafford,DET,30,QB,16,16,25,71,0,10,2.8,4.4,6,2018
/players/C/CarrDe02.htm2018,Derek Carr,OAK,27,QB,16,16,24,47,1,15,2.0,2.9,12,2018
/players/B/BradTo00.htm2018,Tom Brady,NWE,41,QB,16,16,23,35,2,10,1.5,2.2,4,2018
/players/J/JohnJo05.htm2018,Josh Johnson,WAS,32,qb,4,3,23,120,1,16,5.2,30.0,2,2018
/players/J/JoneRo01.htm2018,Ronald Jones,TAM,21,,9,0,23,44,1,9,1.9,4.9,0,2018
/players/R/RoseJo01.htm2018,Josh Rosen,ARI,21,QB,14,13,23,138,0,33,6.0,9.9,10,2018
/players/H/HillTy00.htm2018,Tyreek Hill,KAN,24,WR,16,16,22,151,1,33,6.9,9.4,0,2018
/players/B/BibbKa00.htm2018,Kapri Bibbs,2TM,25,,12,0,21,103,3,15,4.9,8.6,1,2018
/players/F/FordKe00.htm2018,Keith Ford,BUF,24,rb,2,1,21,79,0,11,3.8,39.5,0,2018
/players/H/HillBr02.htm2018,Brian Hill,ATL,23,,10,0,20,157,0,60,7.9,15.7,1,2018
/players/A/ArtiCa00.htm2018,Cameron Artis-Payne,CAR,28,,9,0,19,69,1,15,3.6,7.7,0,2018
/players/B/BarnKe00.htm2018,Kenjon Barner,2TM,28,,9,0,19,71,0,11,3.7,7.9,1,2018
/players/B/BeatC.00.htm2018,C.J. Beathard,SFO,25,qb,6,5,19,69,1,13,3.6,11.5,5,2018
/players/F/FlacJo00.htm2018,Joe Flacco,BAL,33,QB,9,9,19,45,0,13,2.4,5.0,3,2018
/players/K/KessCo00.htm2018,Cody Kessler,JAX,25,qb,5,4,19,123,0,21,6.5,24.6,5,2018
/players/W/WoodRo02.htm2018,Robert Woods,LAR,26,WR,16,16,19,157,1,56,8.3,9.8,0,2018
/players/M/MullNi00.htm2018,Nick Mullens,SFO,23,QB,8,8,18,-16,0,2,-0.9,-2.0,2,2018
/players/R/RivePh00.htm2018,Philip Rivers,LAC,37,QB,16,16,18,7,0,7,0.4,0.4,2,2018
/players/D/DaltAn00.htm2018,Andy Dalton,CIN,31,QB,11,11,16,99,0,21,6.2,9.0,1,2018
/players/G/GillMi00.htm2018,Mike Gillislee,NOR,28,,4,0,16,43,0,5,2.7,10.8,1,2018
/players/T/TaylTy00.htm2018,Tyrod Taylor,CLE,29,qb,4,3,16,125,1,24,7.8,31.3,3,2018
/players/M/MannEl00.htm2018,Eli Manning,NYG,37,QB,16,16,15,20,1,7,1.3,1.3,7,2018
/players/F/FreeDe00.htm2018,Devonta Freeman,ATL,26,rb,2,2,14,68,0,20,4.9,34.0,0,2018
/players/W/WaltMa00.htm2018,Mark Walton,CIN,21,,14,0,14,34,0,10,2.4,2.4,0,2018
/players/D/DaniCh00.htm2018,Chase Daniel,CHI,32,qb,5,2,13,3,0,4,0.2,0.6,4,2018
/players/G/GranCo00.htm2018,Corey Grant,JAX,27,rb,5,1,13,40,0,8,3.1,8.0,0,2018
/players/L/LockTy00.htm2018,Tyler Lockett,SEA,26,WR,16,14,13,69,0,18,5.3,4.3,2,2018
/players/M/MoorD.00.htm2018,D.J. Moore,CAR,21,WR,16,10,13,172,0,32,13.2,10.8,4,2018
/players/W/WillDa10.htm2018,Darrel Williams,KAN,23,,6,0,13,44,0,8,3.4,7.3,0,2018
/players/B/BoonMi00.htm2018,Mike Boone,MIN,23,,8,0,11,47,0,20,4.3,5.9,0,2018
/players/B/BridTe00.htm2018,Teddy Bridgewater,NOR,26,qb,5,1,11,5,0,9,0.5,1.0,0,2018
/players/C/CadeTr00.htm2018,Travaris Cadet,CAR,29,,1,0,11,17,0,5,1.5,17.0,0,2018
/players/C/CunnBe01.htm2018,Benny Cunningham,CHI,28,,15,0,11,20,0,6,1.8,1.3,0,2018
/players/H/HoyeBr00.htm2018,Brian Hoyer,NWE,33,,5,0,11,-8,0,2,-0.7,-1.6,0,2018
/players/N/NewsDe00.htm2018,Detrez Newsome,LAC,24,,9,0,11,49,0,16,4.5,5.4,0,2018
/players/C/CookBr00.htm2018,Brandin Cooks,LAR,25,WR,16,16,10,68,1,17,6.8,4.3,1,2018
/players/D/DiggSt00.htm2018,Stefon Diggs,MIN,25,WR,15,14,10,62,0,20,6.2,4.1,0,2018
/players/M/McCoCo00.htm2018,Colt McCoy,WAS,32,qb,3,2,10,63,0,15,6.3,21.0,1,2018
/players/M/McKeIs00.htm2018,Isaiah McKenzie,2TM,23,,8,1,10,66,2,15,6.6,8.3,2,2018
/players/P/PeteNa00.htm2018,Nathan Peterman,BUF,24,qb,4,2,10,50,1,24,5.0,12.5,0,2018
/players/A/AlleKe00.htm2018,Keenan Allen,LAC,26,WR,16,14,9,75,0,28,8.3,4.7,3,2018
/players/A/ArmaAl00.htm2018,Alex Armah,CAR,24,fb/wr,16,2,9,15,2,4,1.7,0.9,0,2018
/players/E/EdelJu00.htm2018,Julian Edelman,NWE,32,WR,12,12,9,107,0,20,11.9,8.9,1,2018
/players/F/FoleNi00.htm2018,Nick Foles,PHI,29,qb,5,5,9,17,0,4,1.9,3.4,4,2018
/players/G/GabrTa00.htm2018,Taylor Gabriel,CHI,27,WR,16,11,9,61,0,20,6.8,3.8,1,2018
/players/L/LangJe00.htm2018,Jeremy Langford,ATL,27,,1,0,9,25,0,7,2.8,25.0,0,2018
/players/L/LineZa01.htm2018,Zach Line,NOR,28,fb,16,6,9,41,0,9,4.6,2.6,0,2018
/players/M/MizzTa00.htm2018,Taquan Mizzell,CHI,25,wr,9,1,9,16,0,7,1.8,1.8,0,2018
/players/W/WestDe00.htm2018,Dede Westbrook,JAX,25,WR,16,9,9,98,0,43,10.9,6.1,3,2018
/players/B/BoldBr00.htm2018,Brandon Bolden,MIA,28,,16,0,8,91,2,54,11.4,5.7,1,2018
/players/G/GaroJi00.htm2018,Jimmy Garoppolo,SFO,27,qb,3,3,8,33,0,13,4.1,11.0,4,2018
/players/J/JuszKy00.htm2018,Kyle Juszczyk,SFO,27,FB,16,14,8,30,0,12,3.8,1.9,2,2018
/players/O/OsweBr00.htm2018,Brock Osweiler,MIA,28,qb,7,5,8,21,0,7,2.6,3.0,1,2018
/players/P/PeriSa00.htm2018,Samaje Perine,WAS,23,,5,0,8,32,0,11,4.0,6.4,0,2018
/players/S/SamuCu00.htm2018,Curtis Samuel,CAR,22,WR,13,8,8,84,2,33,10.5,6.5,1,2018
/players/S/SmitGe00.htm2018,Geno Smith,LAC,28,,5,0,8,2,0,9,0.3,0.4,1,2018
/players/T/ThomRo05.htm2018,Roc Thomas,MIN,23,,5,0,8,30,0,23,3.8,6.0,0,2018
/players/W/WillDa011.htm2018,David Williams,JAX,24,,6,0,8,36,0,15,4.5,6.0,0,2018
/players/W/WilsAl02.htm2018,Albert Wilson,MIA,26,wr,7,3,8,16,0,5,2.0,2.3,0,2018
/players/B/BenjTr00.htm2018,Travis Benjamin,LAC,29,wr,12,3,7,41,0,19,5.9,3.4,0,2018
/players/B/BrisJa00.htm2018,Jacoby Brissett,IND,26,,4,0,7,-7,0,-1,-1.0,-1.8,0,2018
/players/F/ForeDO00.htm2018,D'Onta Foreman,HOU,22,,1,0,7,-1,0,2,-0.1,-1.0,1,2018
/players/M/MannSe00.htm2018,Sean Mannion,LAR,26,,3,0,7,-9,0,3,-1.3,-3.0,0,2018
/players/P/PennEl00.htm2018,Elijhaa Penny,NYG,25,rb,14,3,7,25,0,8,3.6,1.8,0,2018
/players/S/SanuMo00.htm2018,Mohamed Sanu,ATL,29,WR,16,16,7,44,0,24,6.3,2.8,2,2018
/players/W/WillMi07.htm2018,Mike Williams,LAC,24,wr,16,5,7,28,1,19,4.0,1.8,0,2018
/players/A/AustTa00.htm2018,Tavon Austin,DAL,28,,7,0,6,55,0,18,9.2,7.9,0,2018
/players/C/CharJa00.htm2018,Jamaal Charles,JAX,32,,2,0,6,7,0,5,1.2,3.5,0,2018
/players/D/DaviCo03.htm2018,Corey Davis,TEN,23,WR,16,16,6,55,0,39,9.2,3.4,1,2018
/players/D/DeveJa00.htm2018,James Develin,NWE,30,fb/rb/te,16,8,6,8,4,2,1.3,0.5,0,2018
/players/G/GabbBl00.htm2018,Blaine Gabbert,TEN,29,qb,8,3,6,0,0,1,0.0,0.0,0,2018
/players/H/HamxC.00.htm2018,C.J. Ham,MIN,25,rb/te,15,2,6,8,0,5,1.3,0.5,0,2018
/players/J/JackDa01.htm2018,Darius Jackson,2TM,25,,4,0,6,16,0,4,2.7,4.0,0,2018
/players/J/JackDe00.htm2018,DeSean Jackson,TAM,32,WR,12,10,6,29,1,14,4.8,2.4,0,2018
/players/M/MillAn02.htm2018,Anthony Miller,CHI,24,wr,15,4,6,26,0,9,4.3,1.7,1,2018
/players/R/RidlCa00.htm2018,Calvin Ridley,ATL,24,wr,16,5,6,27,0,9,4.5,1.7,2,2018
/players/S/StewJo00.htm2018,Jonathan Stewart,NYG,31,,3,0,6,17,0,5,2.8,5.7,0,2018
/players/S/SwitRy00.htm2018,Ryan Switzer,PIT,24,wr,16,1,6,21,0,8,3.5,1.3,2,2018
/players/W/WildBr01.htm2018,Brandon Wilds,JAX,25,,3,0,6,15,0,5,2.5,5.0,0,2018
/players/W/WilsSh01.htm2018,Shaun Wilson,TAM,23,,5,0,6,29,0,9,4.8,5.8,0,2018
/players/A/AlleKy00.htm2018,Kyle Allen,CAR,22,qb,2,1,5,19,1,10,3.8,9.5,0,2018
/players/B/BeckOd00.htm2018,Odell Beckham,NYG,26,WR,12,12,5,19,0,11,3.8,1.6,2,2018
/players/H/HeinTa00.htm2018,Taylor Heinicke,CAR,25,qb,6,1,5,31,0,19,6.2,5.2,1,2018
/players/K/KizeDe00.htm2018,DeShone Kizer,GNB,22,,3,0,5,39,0,12,7.8,13.0,1,2018
/players/M/McCoJo01.htm2018,Josh McCown,NYJ,39,qb,4,3,5,32,0,12,6.4,8.0,0,2018
/players/M/MoorCh00.htm2018,Chris Moore,BAL,25,,16,0,5,17,0,9,3.4,1.1,0,2018
/players/T/ThieAd00.htm2018,Adam Thielen,MIN,28,WR,16,16,5,30,0,15,6.0,1.9,1,2018
/players/W/WatkSa00.htm2018,Sammy Watkins,KAN,25,WR,10,9,5,52,0,31,10.4,5.2,1,2018
/players/C/CrowJa00.htm2018,Jamison Crowder,WAS,25,wr,9,7,4,30,0,25,7.5,3.3,0,2018
/players/D/DobbJo00.htm2018,Joshua Dobbs,PIT,23,,5,0,4,11,0,10,2.8,2.2,0,2018
/players/D/DorsPh00.htm2018,Phillip Dorsett,NWE,25,wr,16,2,4,29,0,17,7.3,1.8,0,2018
/players/F/FlueDa00.htm2018,David Fluellen,TEN,26,,7,0,4,16,0,13,4.0,2.3,0,2018
/players/G/GoodMa00.htm2018,Marquise Goodwin,SFO,28,WR,11,8,4,9,0,5,2.3,0.8,1,2018
/players/H/HillJe01.htm2018,Jeremy Hill,NWE,26,,1,0,4,25,0,11,6.3,25.0,0,2018
/players/K/KellRo00.htm2018,Robert Kelley,WAS,26,,2,0,4,8,0,6,2.0,4.0,0,2018
/players/K/KuppCo00.htm2018,Cooper Kupp,LAR,25,WR,8,8,4,25,0,12,6.3,3.1,0,2018
/players/M/McNiJe00.htm2018,Jeremy McNichols,2TM,23,,2,0,4,8,0,7,2.0,4.0,0,2018
/players/N/NelsJJ00.htm2018,JJ Nelson,ARI,26,wr,14,2,4,0,0,8,0.0,0.0,0,2018
/players/P/PerrBr02.htm2018,Breshad Perriman,CLE,25,wr,10,2,4,2,0,7,0.5,0.2,0,2018
/players/R/RossJo00.htm2018,John Ross,CIN,24,WR,13,10,4,9,0,7,2.3,0.7,0,2018
/players/S/SandEm00.htm2018,Emmanuel Sanders,DEN,31,WR,12,12,4,53,1,35,13.3,4.4,1,2018
/players/T/TateGo00.htm2018,Golden Tate,2TM,30,,15,8,4,34,0,30,8.5,2.3,3,2018
/players/T/TurbRo00.htm2018,Robert Turbin,IND,29,,2,0,4,10,0,5,2.5,5.0,1,2018
/players/W/WattDe00.htm2018,Derek Watt,LAC,26,fb,16,5,4,11,0,8,2.8,0.7,0,2018
/players/A/AghoNe00.htm2018,Nelson Agholor,PHI,25,WR,16,16,3,32,0,16,10.7,2.0,1,2018
/players/B/BarkMa00.htm2018,Matt Barkley,BUF,28,qb,1,1,3,-2,0,0,-0.7,-2.0,0,2018
/players/B/BrowJo02.htm2018,John Brown,BAL,28,WR,16,15,3,4,0,3,1.3,0.3,0,2018
/players/B/BryaMa00.htm2018,Martavis Bryant,OAK,27,wr,8,2,3,23,0,17,7.7,2.9,1,2018
/players/C/CoutKe00.htm2018,Keke Coutee,HOU,21,wr,6,2,3,0,0,3,0.0,0.0,0,2018
/players/E/EbroEr00.htm2018,Eric Ebron,IND,25,te/wr,16,8,3,-8,1,2,-2.7,-0.5,1,2018
/players/E/EngrEv00.htm2018,Evan Engram,NYG,24,TE,11,8,3,36,0,14,12.0,3.3,0,2018
/players/E/EricAl01.htm2018,Alex Erickson,CIN,26,wr,16,6,3,22,0,14,7.3,1.4,1,2018
/players/G/GinnTe00.htm2018,Ted Ginn,NOR,33,wr,5,3,3,26,0,20,8.7,5.2,1,2018
/players/K/KirkCh01.htm2018,Christian Kirk,ARI,22,wr,12,7,3,35,0,23,11.7,2.9,0,2018
/players/L/LandJa00.htm2018,Jarvis Landry,CLE,26,WR,16,14,3,60,1,51,20.0,3.8,1,2018
/players/M/MaddTr01.htm2018,Tre Madden,SEA,25,fb,14,3,3,3,0,2,1.0,0.2,0,2018
/players/M/MarsBy01.htm2018,Byron Marshall,WAS,24,,6,0,3,9,0,4,3.0,1.5,0,2018
/players/M/McCaA.00.htm2018,A.J. McCarron,OAK,28,,2,0,3,-2,0,0,-0.7,-1.0,1,2018
/players/M/McKiJ.00.htm2018,J.D. McKissic,SEA,25,,5,0,3,8,0,6,2.7,1.6,0,2018
/players/P/PatrTi00.htm2018,Tim Patrick,DEN,25,wr,16,4,3,17,0,13,5.7,1.1,2,2018
/players/R/RobeSe00.htm2018,Seth Roberts,OAK,27,wr,15,7,3,5,0,11,1.7,0.3,0,2018
/players/S/ShepSt00.htm2018,Sterling Shepard,NYG,25,WR,16,16,3,33,0,27,11.0,2.1,1,2018
/players/W/WillJo07.htm2018,Jonathan Williams,NOR,24,,3,0,3,0,0,1,0.0,0.0,0,2018
/players/W/WillMa04.htm2018,Maxx Williams,BAL,24,te,13,6,3,8,0,7,2.7,0.6,0,2018
/players/A/AndeRo04.htm2018,Robby Anderson,NYJ,25,WR,14,9,2,-8,0,1,-4.0,-0.6,2,2018
/players/B/BoydTy00.htm2018,Tyler Boyd,CIN,24,WR,14,14,2,3,0,5,1.5,0.2,0,2018
/players/B/BradSa00.htm2018,Sam Bradford,ARI,31,qb,3,3,2,7,0,8,3.5,2.3,3,2018
/players/C/CallAn00.htm2018,Antonio Callaway,CLE,21,WR,16,11,2,7,0,15,3.5,0.4,1,2018
/players/C/CassMa00.htm2018,Matt Cassel,DET,36,,2,0,2,13,0,14,6.5,6.5,0,2018
/players/C/ColeDe00.htm2018,Derrick Coleman,ARI,28,fb,16,4,2,3,0,2,1.5,0.2,0,2018
/players/C/CoopAm00.htm2018,Amari Cooper,2TM,24,,15,15,2,20,0,11,10.0,1.3,2,2018
/players/D/DaviJu00.htm2018,Justin Davis,LAR,23,,11,0,2,19,0,19,9.5,1.7,0,2018
/players/E/EverGe00.htm2018,Gerald Everett,LAR,24,,16,0,2,16,0,12,8.0,1.0,0,2018
/players/F/FejeCl00.htm2018,Clayton Fejedelem,CIN,25,db,16,1,2,6,0,6,3.0,0.4,1,2018
/players/H/HallMa02.htm2018,Marvin Hall,ATL,25,,16,0,2,0,0,3,0.0,0.0,0,2018
/players/H/HarrDw00.htm2018,Dwayne Harris,OAK,31,wr,15,1,2,12,0,13,6.0,0.8,2,2018
/players/H/HarrMa05.htm2018,Maurice Harris,WAS,26,wr,12,7,2,10,0,6,5.0,0.8,1,2018
/players/H/HendDe01.htm2018,De'Angelo Henderson,NYJ,26,,3,0,2,19,0,13,9.5,6.3,1,2018
/players/H/HumpAd00.htm2018,Adam Humphries,TAM,25,WR,16,10,2,11,0,7,5.5,0.7,2,2018
/players/J/JanoAn00.htm2018,Andy Janovich,DEN,25,fb,16,7,2,5,0,3,2.5,0.3,0,2018
/players/J/JoneJu02.htm2018,Julio Jones,ATL,29,WR,16,16,2,12,0,11,6.0,0.8,2,2018
/players/L/LewiJo01.htm2018,Jourdan Lewis,DAL,23,cb,15,1,2,12,0,7,6.0,0.8,0,2018
/players/L/LewiTo00.htm2018,Tommylee Lewis,NOR,26,wr,7,3,2,10,0,6,5.0,1.4,1,2018
/players/L/LogaT.00.htm2018,T.J. Logan,ARI,24,,10,0,2,2,0,5,1.0,0.2,0,2018
/players/M/McClRa00.htm2018,Ray-Ray McCloud,BUF,22,fb,10,1,2,4,0,7,2.0,0.4,2,2018
/players/M/MichCh00.htm2018,Christine Michael,IND,28,,1,0,2,9,0,8,4.5,9.0,0,2018
/players/P/PascZa00.htm2018,Zach Pascal,IND,24,wr,16,4,2,10,0,8,5.0,0.6,0,2018
/players/R/ReynJo00.htm2018,Josh Reynolds,LAR,23,WR,16,8,2,8,0,10,4.0,0.5,0,2018
/players/R/RichPa01.htm2018,Paul Richardson,WAS,26,wr,7,4,2,9,0,7,4.5,1.3,0,2018
/players/R/RobeAn00.htm2018,Andre Roberts,NYJ,30,wr,16,1,2,20,0,18,10.0,1.3,3,2018
/players/S/SudfNa00.htm2018,Nate Sudfeld,PHI,25,,2,0,2,-2,0,-1,-1.0,-1.0,0,2018
/players/V/ValdMa00.htm2018,Marquez Valdes-Scantling,GNB,24,WR,16,10,2,29,0,21,14.5,1.8,0,2018
/players/W/WestCh01.htm2018,Charcandrick West,KAN,27,,3,0,2,-1,0,1,-0.5,-0.3,0,2018
/players/W/WillTy00.htm2018,Tyrell Williams,LAC,26,lcb/wr,16,10,2,15,0,14,7.5,0.9,2,2018
/players/W/WrigJa02.htm2018,Jarius Wright,CAR,29,fb/wr,16,6,2,39,0,34,19.5,2.4,3,2018
/players/A/AbduAm00.htm2018,Ameer Abdullah,2TM,25,,10,0,1,1,0,1,1.0,0.1,1,2018
/players/A/AgneJa00.htm2018,Jamal Agnew,DET,23,,6,0,1,17,0,17,17.0,2.8,1,2018
/players/A/AmenDa00.htm2018,Danny Amendola,MIA,33,WR,15,15,1,-2,0,-2,-2.0,-0.1,2,2018
/players/A/AndeDe00.htm2018,Derek Anderson,BUF,35,qb,2,2,1,-1,0,-1,-1.0,-0.5,3,2018
/players/B/BatsCa00.htm2018,Cameron Batson,TEN,23,wr,11,2,1,1,0,1,1.0,0.1,1,2018
/players/B/BellNi01.htm2018,Nick Bellore,DET,29,fb,14,4,1,0,0,0,0.0,0.0,0,2018
/players/B/BohaTo00.htm2018,Tommy Bohanon,JAX,28,fb,16,6,1,0,0,0,0.0,0.0,0,2018
/players/B/BojoCo00.htm2018,Corey Bojorquez,BUF,22,P,8,0,1,0,0,0,0.0,0.0,2,2018
/players/B/BurtTr01.htm2018,Trey Burton,CHI,27,TE,16,16,1,2,0,2,2.0,0.1,1,2018
/players/C/CarrLe00.htm2018,Leonte Carroo,MIA,24,,9,0,1,14,0,14,14.0,1.6,0,2018
/players/C/CartDe02.htm2018,DeAndre Carter,2TM,25,,14,4,1,7,0,7,7.0,0.5,5,2018
/players/C/ChesJe00.htm2018,Jehu Chesson,WAS,25,,12,0,1,-4,0,-4,-4.0,-0.3,0,2018
/players/C/ColeCo00.htm2018,Corey Coleman,NYG,24,wr,8,1,1,5,0,5,5.0,0.6,0,2018
/players/D/DickEd00.htm2018,Ed Dickson,SEA,31,te,10,1,1,9,0,9,9.0,0.9,0,2018
/players/D/DickMi00.htm2018,Michael Dickson,SEA,22,P,16,0,1,9,0,9,9.0,0.6,0,2018
/players/D/DiMaPa00.htm2018,Patrick DiMarco,BUF,29,fb,16,5,1,9,0,9,9.0,0.6,0,2018
/players/D/DixoRi00.htm2018,Riley Dixon,NYG,25,P,16,0,1,14,0,14,14.0,0.9,0,2018
/players/E/ElliBr00.htm2018,Bruce Ellington,2TM,27,,7,3,1,2,0,2,2.0,0.3,1,2018
/players/E/EnunQu00.htm2018,Quincy Enunwa,NYJ,26,WR,11,10,1,0,0,0,0.0,0.0,2,2018
/players/G/GollKe00.htm2018,Kenny Golladay,DET,25,WR,15,13,1,8,0,8,8.0,0.5,1,2018
/players/G/GranJa00.htm2018,Jakeem Grant,MIA,26,wr,10,2,1,5,0,5,5.0,0.5,0,2018
/players/G/GreeRa02.htm2018,Raven Greene,GNB,23,,8,0,1,26,0,26,26.0,3.3,0,2018
/players/H/HeatJe00.htm2018,Jeff Heath,DAL,27,fs/SS,16,16,1,3,0,3,3.0,0.2,0,2018
/players/H/HekkJo00.htm2018,Johnny Hekker,LAR,28,P,16,0,1,3,0,3,3.0,0.2,0,2018
/players/H/HennCh01.htm2018,Chad Henne,KAN,33,,1,0,1,3,0,3,3.0,3.0,0,2018
/players/H/HeywDa00.htm2018,Darrius Heyward-Bey,PIT,31,wr,14,2,1,-7,0,-7,-7.0,-0.5,0,2018
/players/H/HickAk00.htm2018,Akiem Hicks,CHI,29,DT/ldt,16,16,1,1,1,1,1.0,0.1,0,2018
/players/H/HopkDe00.htm2018,DeAndre Hopkins,HOU,26,WR,16,16,1,-7,0,-7,-7.0,-0.4,2,2018
/players/H/HursHa00.htm2018,Hayden Hurst,BAL,25,,12,0,1,0,0,0,0.0,0.0,0,2018
/players/I/IngrMe00.htm2018,Melvin Ingram,LAC,29,DE,16,16,1,0,0,0,0.0,0.0,1,2018
/players/J/JennDa00.htm2018,Darius Jennings,TEN,26,,16,0,1,2,0,2,2.0,0.1,0,2018
/players/J/JohnMa07.htm2018,Marcus Johnson,IND,24,,5,0,1,-2,0,-2,-2.0,-0.4,0,2018
/players/J/JoneJJ00.htm2018,JJ Jones,2TM,26,,4,0,1,0,0,0,0.0,0.0,2,2018
/players/J/JoneZa00.htm2018,Zay Jones,BUF,23,WR,16,15,1,0,0,0,0.0,0.0,1,2018
/players/K/KellCh00.htm2018,Chad Kelly,DEN,24,,1,0,1,-1,0,-1,-1.0,-1.0,0,2018
/players/K/KittGe00.htm2018,George Kittle,SFO,25,TE,16,16,1,10,0,10,10.0,0.6,0,2018
/players/L/LaulKy00.htm2018,Kyle Lauletta,NYG,23,,2,0,1,-2,0,-2,-2.0,-1.0,0,2018
/players/M/MileRo00.htm2018,Rontez Miles,NYJ,30,fs,8,1,1,4,0,4,4.0,0.5,1,2018
/players/M/MoorDa03.htm2018,David Moore,SEA,23,wr,16,7,1,5,0,5,5.0,0.3,2,2018
/players/N/NelsJo00.htm2018,Jordy Nelson,OAK,33,WR,15,14,1,-2,0,-2,-2.0,-0.1,1,2018
/players/N/NixxRo01.htm2018,Roosevelt Nix,PIT,26,,16,0,1,4,0,4,4.0,0.3,0,2018
/players/P/PaulNi00.htm2018,Niles Paul,JAX,29,te,6,1,1,-3,0,-3,-3.0,-0.5,0,2018
/players/P/PettDa00.htm2018,Dante Pettis,SFO,23,wr,12,7,1,-2,0,-2,-2.0,-0.2,2,2018
/players/P/PoweBr00.htm2018,Brandon Powell,DET,22,wr,6,1,1,4,0,4,4.0,0.7,0,2018
/players/P/ProsC.00.htm2018,C.J. Prosise,SEA,24,,5,0,1,-3,0,-3,-3.0,-0.6,0,2018
/players/P/PryoTe00.htm2018,Terrelle Pryor,2TM,29,,8,1,1,-1,0,0,-1.0,-0.1,0,2018
/players/Q/QuinTr00.htm2018,Trey Quinn,WAS,23,wr,3,2,1,0,0,0,0.0,0.0,0,2018
/players/R/RobiAl02.htm2018,Allen Robinson,CHI,25,WR,13,12,1,9,0,9,9.0,0.7,1,2018
/players/R/RogeCh02.htm2018,Chester Rogers,IND,24,WR,16,10,1,-4,0,-4,-4.0,-0.3,1,2018
/players/R/RogeEl00.htm2018,Eli Rogers,PIT,26,wr,3,3,1,-4,0,-4,-4.0,-1.3,1,2018
/players/S/SancMa00.htm2018,Mark Sanchez,WAS,32,qb,2,1,1,8,0,8,8.0,4.0,1,2018
/players/S/SchaMa00.htm2018,Matt Schaub,ATL,37,,3,0,1,0,0,0,0.0,0.0,1,2018
/players/S/SharTa00.htm2018,Tajae Sharpe,TEN,24,WR,16,13,1,16,0,16,16.0,1.0,0,2018
/players/S/SherAn00.htm2018,Anthony Sherman,KAN,30,fb,16,1,1,2,0,2,2.0,0.1,0,2018
/players/S/SmitKe03.htm2018,Keith Smith,OAK,26,fb,16,3,1,0,0,0,0.0,0.0,0,2018
/players/S/SmitJu00.htm2018,JuJu Smith-Schuster,PIT,22,WR,16,13,1,13,0,13,13.0,0.8,1,2018
/players/S/SneaWi00.htm2018,Willie Snead,BAL,26,WR,16,10,1,13,0,13,13.0,0.8,0,2018
/players/S/St.BEq00.htm2018,Equanimeous St. Brown,GNB,22,wr,12,7,1,5,0,5,5.0,0.4,0,2018
/players/S/StocLu00.htm2018,Luke Stocker,TEN,30,TE,16,11,1,0,0,0,0.0,0.0,0,2018
/players/S/StreRo00.htm2018,Rod Streater,CLE,30,,3,0,1,-11,0,-11,-11.0,-3.7,0,2018
/players/S/SuttCo00.htm2018,Courtland Sutton,DEN,23,WR,16,9,1,-1,0,-1,-1.0,-0.1,0,2018
/players/T/ThomDe05.htm2018,De'Anthony Thomas,KAN,25,,5,0,1,6,0,6,6.0,1.2,1,2018
/players/T/TownJo01.htm2018,Johnny Townsend,OAK,23,P,16,0,1,42,0,42,42.0,2.6,0,2018
/players/T/TurnDe01.htm2018,De'Lance Turner,BAL,23,,4,0,1,4,0,4,4.0,1.0,0,2018
/players/W/WallDa01.htm2018,Darren Waller,OAK,26,,4,0,1,21,0,21,21.0,5.3,0,2018
/players/W/WeedBr00.htm2018,Brandon Weeden,HOU,35,,1,0,1,-1,0,-1,-1.0,-1.0,0,2018
/players/W/WillCh05.htm2018,Chad Williams,ARI,24,wr,10,7,1,9,0,9,9.0,0.9,0,2018
/players/W/WilsTa00.htm2018,Tavon Wilson,DET,28,db/s/ss,15,3,1,7,0,7,7.0,0.5,0,2018
